pred,prey,pred_length_mm,pred_ln_a,pred_b,pred_base,pred_source,pred_g_conversion,prey_length_mm,prey_ln_a,prey_b,prey_base,prey_source,prey_g_conversion,prey_density,number_left_controls,prey_cased,prey_defended,number_missing_corrected,number_eaten_hr
Galax,Archi,121,-14.77496979,3.417,2.718281828,jellyman,1,21.78105263,-5.5204,2.6784,2.718281828,towers ,1000,10,9.526315789,uncased,undefended,1,0.052128584
Galax,Archi,72,-14.77496979,3.417,2.718281828,jellyman,1,21.78105263,-5.5204,2.6784,2.718281828,towers ,1000,10,9.526315789,uncased,undefended,1,0.051502146
Galax,Archi,109,-14.77496979,3.417,2.718281828,jellyman,1,21.78105263,-5.5204,2.6784,2.718281828,towers ,1000,10,9.526315789,uncased,undefended,1,0.051413882
Galax,Archi,85,-14.77496979,3.417,2.718281828,jellyman,1,21.78105263,-5.5204,2.6784,2.718281828,towers ,1000,10,9.526315789,uncased,undefended,1,0.051457976
Galax,Archi,114,-14.77496979,3.417,2.718281828,jellyman,1,21.78105263,-5.5204,2.6784,2.718281828,towers ,1000,10,9.526315789,uncased,undefended,1,0.051150895
Galax,Archi,107,-14.77496979,3.417,2.718281828,jellyman,1,21.78105263,-5.5204,2.6784,2.718281828,towers ,1000,10,9.526315789,uncased,undefended,2,0.102389078
Galax,Archi,150,-14.77496979,3.417,2.718281828,jellyman,1,21.78105263,-5.5204,2.6784,2.718281828,towers ,1000,10,9.526315789,uncased,undefended,0,0
Galax,Archi,65,-14.77496979,3.417,2.718281828,jellyman,1,21.78105263,-5.5204,2.6784,2.718281828,towers ,1000,10,9.526315789,uncased,undefended,1,0.051238258
Trout,Archi,156,-12.98521354,3.05,2.718281828,jellyman,1,21.78105263,-5.5204,2.6784,2.718281828,towers ,1000,10,9.526315789,uncased,undefended,3,0.157342657
Trout,Archi,73,-12.98521354,3.05,2.718281828,jellyman,1,21.78105263,-5.5204,2.6784,2.718281828,towers ,1000,10,9.526315789,uncased,undefended,1,0.051724138
Trout,Archi,151,-12.98521354,3.05,2.718281828,jellyman,1,21.78105263,-5.5204,2.6784,2.718281828,towers ,1000,10,9.526315789,uncased,undefended,6,0.314136126
Trout,Archi,76,-12.98521354,3.05,2.718281828,jellyman,1,21.78105263,-5.5204,2.6784,2.718281828,towers ,1000,10,9.526315789,uncased,undefended,0,0
Trout,Archi,125,-12.98521354,3.05,2.718281828,jellyman,1,21.78105263,-5.5204,2.6784,2.718281828,towers ,1000,10,9.526315789,uncased,undefended,0,0
Trout,Archi,91,-12.98521354,3.05,2.718281828,jellyman,1,21.78105263,-5.5204,2.6784,2.718281828,towers ,1000,10,9.526315789,uncased,undefended,1,0.052128584
Trout,Archi,134,-12.98521354,3.05,2.718281828,jellyman,1,21.78105263,-5.5204,2.6784,2.718281828,towers ,1000,10,9.526315789,uncased,undefended,1,0.052401747
Trout,Archi,108,-12.98521354,3.05,2.718281828,jellyman,1,21.78105263,-5.5204,2.6784,2.718281828,towers ,1000,10,9.526315789,uncased,undefended,2,0.103359173
Bully,Chiro,35,-15.35030493,3.616,2.718281828,jellyman,1,16.94863248,-3.61,3.347,10,stoffels,1000,150,147.5266525,uncased,undefended,15,0.715990453
Bully,Chiro,75,-15.35030493,3.616,2.718281828,jellyman,1,16.94863248,-3.61,3.347,10,stoffels,1000,150,147.5266525,uncased,undefended,99,4.699367089
Bully,Chiro,46,-15.35030493,3.616,2.718281828,jellyman,1,16.62179641,-3.61,3.347,10,stoffels,1000,70,68.03892216,uncased,undefended,23,1.090047393
Bully,Chiro,56,-15.35030493,3.616,2.718281828,jellyman,1,16.62179641,-3.61,3.347,10,stoffels,1000,70,68.03892216,uncased,undefended,38,1.766072812
Bully,Chiro,34,-15.35030493,3.616,2.718281828,jellyman,1,16.48315162,-3.61,3.347,10,stoffels,1000,200,199.5986395,uncased,undefended,13,0.625501203
Bully,Chiro,65,-15.35030493,3.616,2.718281828,jellyman,1,17.9735,-3.61,3.347,10,stoffels,1000,5,5,uncased,undefended,5,0.205338809
Bully,Chiro,76,-15.35030493,3.616,2.718281828,jellyman,1,16.48315162,-3.61,3.347,10,stoffels,1000,200,199.5986395,uncased,undefended,92,4.426623897
Bully,Chiro,45,-15.35030493,3.616,2.718281828,jellyman,1,17.9735,-3.61,3.347,10,stoffels,1000,5,5,uncased,undefended,5,0.239808153
Bully,Chiro,72,-15.35030493,3.616,2.718281828,jellyman,1,17.9735,-3.61,3.347,10,stoffels,1000,5,5,uncased,undefended,5,0.225225225
Bully,Chiro,35,-15.35030493,3.616,2.718281828,jellyman,1,16.78068387,-3.61,3.347,10,stoffels,1000,100,97.48129032,uncased,undefended,8,0.372670807
Bully,Chiro,65,-15.35030493,3.616,2.718281828,jellyman,1,17.41165563,-3.61,3.347,10,stoffels,1000,40,39.00662252,uncased,undefended,39,1.714285714
Bully,Chiro,73,-15.35030493,3.616,2.718281828,jellyman,1,17.41165563,-3.61,3.347,10,stoffels,1000,40,39.00662252,uncased,undefended,33,1.399293286
Bully,Chiro,73,-15.35030493,3.616,2.718281828,jellyman,1,16.78068387,-3.61,3.347,10,stoffels,1000,100,97.48129032,uncased,undefended,70,3.115727003
Bully,Chiro,46,-15.35030493,3.616,2.718281828,jellyman,1,16.94863248,-3.61,3.347,10,stoffels,1000,150,147.5266525,uncased,undefended,21,0.996047431
Bully,Chiro,56,-15.35030493,3.616,2.718281828,jellyman,1,17.9735,-3.61,3.347,10,stoffels,1000,5,5,uncased,undefended,5,0.239616613
Bully,Chiro,56,-15.35030493,3.616,2.718281828,jellyman,1,17.41165563,-3.61,3.347,10,stoffels,1000,40,39.00662252,uncased,undefended,34,1.436619718
Bully,Chiro,67,-15.35030493,3.616,2.718281828,jellyman,1,16.78068387,-3.61,3.347,10,stoffels,1000,100,97.48129032,uncased,undefended,58,2.65648855
Bully,Chiro,66,-15.35030493,3.616,2.718281828,jellyman,1,16.48315162,-3.61,3.347,10,stoffels,1000,200,199.5986395,uncased,undefended,78,3.756019262
Bully,Chiro,72,-15.35030493,3.616,2.718281828,jellyman,1,16.62179641,-3.61,3.347,10,stoffels,1000,70,68.03892216,uncased,undefended,67,3.180379747
Bully,Chiro,46,-15.35030493,3.616,2.718281828,jellyman,1,16.48315162,-3.61,3.347,10,stoffels,1000,200,199.5986395,uncased,undefended,18,0.864
Bully,Chiro,56,-15.35030493,3.616,2.718281828,jellyman,1,16.94863248,-3.61,3.347,10,stoffels,1000,150,147.5266525,uncased,undefended,24,1.138339921
Bully,Chiro,65,-15.35030493,3.616,2.718281828,jellyman,1,16.62179641,-3.61,3.347,10,stoffels,1000,70,68.03892216,uncased,undefended,38,1.813842482
Bully,Chiro,56,-15.35030493,3.616,2.718281828,jellyman,1,16.48315162,-3.61,3.347,10,stoffels,1000,200,199.5986395,uncased,undefended,40,1.923076923
Bully,Chiro,46,-15.35030493,3.616,2.718281828,jellyman,1,16.78068387,-3.61,3.347,10,stoffels,1000,100,97.48129032,uncased,undefended,21,0.979020979
Bully,Chiro,39,-15.35030493,3.616,2.718281828,jellyman,1,16.62179641,-3.61,3.347,10,stoffels,1000,70,68.03892216,uncased,undefended,6,0.278637771
Bully,Chiro,65,-15.35030493,3.616,2.718281828,jellyman,1,16.94863248,-3.61,3.347,10,stoffels,1000,150,147.5266525,uncased,undefended,62,2.990353698
Bully,Chiro,35,-15.35030493,3.616,2.718281828,jellyman,1,17.9735,-3.61,3.347,10,stoffels,1000,5,5,uncased,undefended,4,0.183626626
Bully,Chiro,57,-15.35030493,3.616,2.718281828,jellyman,1,16.78068387,-3.61,3.347,10,stoffels,1000,100,97.48129032,uncased,undefended,42,1.959564541
Bully,Chiro,36,-15.35030493,3.616,2.718281828,jellyman,1,17.41165563,-3.61,3.347,10,stoffels,1000,40,39.00662252,uncased,undefended,13,0.556745182
Bully,Chiro,45,-15.35030493,3.616,2.718281828,jellyman,1,17.41165563,-3.61,3.347,10,stoffels,1000,40,39.00662252,uncased,undefended,21,0.887323944
Drag,Chiro,11.34,-2.218,3.157,10,stoffels,1000,16.48315162,-3.61,3.347,10,stoffels,1000,200,199.5986395,uncased,undefended,2,0.097244733
Drag,Chiro,27.61,-2.218,3.157,10,stoffels,1000,16.78068387,-3.61,3.347,10,stoffels,1000,100,97.48129032,uncased,undefended,0,0
Drag,Chiro,18.93,-2.218,3.157,10,stoffels,1000,16.94863248,-3.61,3.347,10,stoffels,1000,150,147.5266525,uncased,undefended,19,0.914927769
Drag,Chiro,20.42,-2.218,3.157,10,stoffels,1000,16.62179641,-3.61,3.347,10,stoffels,1000,70,68.03892216,uncased,undefended,4,0.197044335
Drag,Chiro,25.14,-2.218,3.157,10,stoffels,1000,16.48315162,-3.61,3.347,10,stoffels,1000,200,199.5986395,uncased,undefended,15,0.734693878
Drag,Chiro,13.43,-2.218,3.157,10,stoffels,1000,16.78068387,-3.61,3.347,10,stoffels,1000,100,97.48129032,uncased,undefended,4,0.2
Drag,Chiro,13.89,-2.218,3.157,10,stoffels,1000,16.62179641,-3.61,3.347,10,stoffels,1000,70,68.03892216,uncased,undefended,2,0.090909091
Drag,Chiro,13.77,-2.218,3.157,10,stoffels,1000,16.48315162,-3.61,3.347,10,stoffels,1000,200,199.5986395,uncased,undefended,8,0.387409201
Drag,Chiro,21.91,-2.218,3.157,10,stoffels,1000,16.94863248,-3.61,3.347,10,stoffels,1000,150,147.5266525,uncased,undefended,13,0.703336339
Drag,Chiro,23.29,-2.218,3.157,10,stoffels,1000,17.9735,-3.61,3.347,10,stoffels,1000,5,5,uncased,undefended,1,0.043668122
Drag,Chiro,16.14,-2.218,3.157,10,stoffels,1000,16.48315162,-3.61,3.347,10,stoffels,1000,200,199.5986395,uncased,undefended,7,0.376007162
Drag,Chiro,15.1,-2.218,3.157,10,stoffels,1000,16.94863248,-3.61,3.347,10,stoffels,1000,150,147.5266525,uncased,undefended,11,0.519276161
Drag,Chiro,20.43,-2.218,3.157,10,stoffels,1000,17.41165563,-3.61,3.347,10,stoffels,1000,40,39.00662252,uncased,undefended,11,0.452364633
Drag,Chiro,10.2,-2.218,3.157,10,stoffels,1000,16.78068387,-3.61,3.347,10,stoffels,1000,100,97.48129032,uncased,undefended,0,0
Drag,Chiro,24.95,-2.218,3.157,10,stoffels,1000,16.48315162,-3.61,3.347,10,stoffels,1000,200,199.5986395,uncased,undefended,16,0.831889081
Drag,Chiro,22.26,-2.218,3.157,10,stoffels,1000,17.9735,-3.61,3.347,10,stoffels,1000,5,5,uncased,undefended,2,0.086642599
Drag,Chiro,23.62,-2.218,3.157,10,stoffels,1000,17.41165563,-3.61,3.347,10,stoffels,1000,40,39.00662252,uncased,undefended,10,0.411805079
Drag,Chiro,23.67,-2.218,3.157,10,stoffels,1000,16.62179641,-3.61,3.347,10,stoffels,1000,70,68.03892216,uncased,undefended,10,0.416377516
Drag,Chiro,10.68,-2.218,3.157,10,stoffels,1000,17.9735,-3.61,3.347,10,stoffels,1000,5,5,uncased,undefended,0,0
Drag,Chiro,24.12,-2.218,3.157,10,stoffels,1000,16.78068387,-3.61,3.347,10,stoffels,1000,100,97.48129032,uncased,undefended,8,0.344827586
Drag,Chiro,11.64,-2.218,3.157,10,stoffels,1000,16.62179641,-3.61,3.347,10,stoffels,1000,70,68.03892216,uncased,undefended,1,0.045283019
Drag,Chiro,12.48,-2.218,3.157,10,stoffels,1000,17.9735,-3.61,3.347,10,stoffels,1000,5,5,uncased,undefended,2,0.086956522
Drag,Chiro,17.25,-2.218,3.157,10,stoffels,1000,16.78068387,-3.61,3.347,10,stoffels,1000,100,97.48129032,uncased,undefended,5,0.26478376
Drag,Chiro,13.55,-2.218,3.157,10,stoffels,1000,17.41165563,-3.61,3.347,10,stoffels,1000,40,39.00662252,uncased,undefended,2,0.082079343
Drag,Chiro,17.86,-2.218,3.157,10,stoffels,1000,17.9735,-3.61,3.347,10,stoffels,1000,5,5,uncased,undefended,2,0.08797654
Drag,Chiro,10.85,-2.218,3.157,10,stoffels,1000,17.41165563,-3.61,3.347,10,stoffels,1000,40,39.00662252,uncased,undefended,0,0
Drag,Chiro,17.59,-2.218,3.157,10,stoffels,1000,17.41165563,-3.61,3.347,10,stoffels,1000,40,39.00662252,uncased,undefended,4,0.162162162
Drag,Chiro,11.2,-2.218,3.157,10,stoffels,1000,16.94863248,-3.61,3.347,10,stoffels,1000,150,147.5266525,uncased,undefended,0,0
Drag,Chiro,21.73,-2.218,3.157,10,stoffels,1000,16.94863248,-3.61,3.347,10,stoffels,1000,150,147.5266525,uncased,undefended,13,0.703336339
Drag,Chiro,17.39,-2.218,3.157,10,stoffels,1000,16.62179641,-3.61,3.347,10,stoffels,1000,70,68.03892216,uncased,undefended,6,0.250521921
Steno,Chiro,26.58,-6.835,3.2787,2.718281828,towers ,1000,16.94863248,-3.61,3.347,10,stoffels,1000,150,147.5266525,uncased,undefended,11,0.500379075
Steno,Chiro,21.17,-6.835,3.2787,2.718281828,towers ,1000,17.9735,-3.61,3.347,10,stoffels,1000,5,5,uncased,undefended,2,0.091603053
Steno,Chiro,23.43,-6.835,3.2787,2.718281828,towers ,1000,16.48315162,-3.61,3.347,10,stoffels,1000,200,199.5986395,uncased,undefended,17,0.787644788
Steno,Chiro,23.26,-6.835,3.2787,2.718281828,towers ,1000,17.9735,-3.61,3.347,10,stoffels,1000,5,5,uncased,undefended,1,0.042283298
Steno,Chiro,14.93,-6.835,3.2787,2.718281828,towers ,1000,16.78068387,-3.61,3.347,10,stoffels,1000,100,97.48129032,uncased,undefended,0,0
Steno,Chiro,21.17,-6.835,3.2787,2.718281828,towers ,1000,16.94863248,-3.61,3.347,10,stoffels,1000,150,147.5266525,uncased,undefended,6,0.272934041
Steno,Chiro,21.11,-6.835,3.2787,2.718281828,towers ,1000,17.41165563,-3.61,3.347,10,stoffels,1000,40,39.00662252,uncased,undefended,2,0.089418778
Steno,Chiro,25.59,-6.835,3.2787,2.718281828,towers ,1000,16.62179641,-3.61,3.347,10,stoffels,1000,70,68.03892216,uncased,undefended,11,0.510835913
Steno,Chiro,21.92,-6.835,3.2787,2.718281828,towers ,1000,17.9735,-3.61,3.347,10,stoffels,1000,5,5,uncased,undefended,0,0
Steno,Chiro,18.96,-6.835,3.2787,2.718281828,towers ,1000,16.94863248,-3.61,3.347,10,stoffels,1000,150,147.5266525,uncased,undefended,5,0.227617602
Steno,Chiro,17.49,-6.835,3.2787,2.718281828,towers ,1000,16.48315162,-3.61,3.347,10,stoffels,1000,200,199.5986395,uncased,undefended,10,0.462962963
Steno,Chiro,23.98,-6.835,3.2787,2.718281828,towers ,1000,16.62179641,-3.61,3.347,10,stoffels,1000,70,68.03892216,uncased,undefended,6,0.273141123
Steno,Chiro,18.59,-6.835,3.2787,2.718281828,towers ,1000,17.41165563,-3.61,3.347,10,stoffels,1000,40,39.00662252,uncased,undefended,3,0.132352941
Steno,Chiro,17.76,-6.835,3.2787,2.718281828,towers ,1000,17.9735,-3.61,3.347,10,stoffels,1000,5,5,uncased,undefended,1,0.042283298
Steno,Chiro,21.27,-6.835,3.2787,2.718281828,towers ,1000,16.78068387,-3.61,3.347,10,stoffels,1000,100,97.48129032,uncased,undefended,4,0.16689847
Steno,Chiro,21.11,-6.835,3.2787,2.718281828,towers ,1000,16.62179641,-3.61,3.347,10,stoffels,1000,70,68.03892216,uncased,undefended,4,0.182094082
Steno,Chiro,27.42,-6.835,3.2787,2.718281828,towers ,1000,17.41165563,-3.61,3.347,10,stoffels,1000,40,39.00662252,uncased,undefended,6,0.272520818
Steno,Chiro,24.37,-6.835,3.2787,2.718281828,towers ,1000,16.94863248,-3.61,3.347,10,stoffels,1000,150,147.5266525,uncased,undefended,7,0.326086957
Steno,Chiro,29.15,-6.835,3.2787,2.718281828,towers ,1000,16.65742268,-3.61,3.347,10,stoffels,1000,50,50,uncased,undefended,6,0.294117647
Steno,Chiro,23.85,-6.835,3.2787,2.718281828,towers ,1000,16.65742268,-3.61,3.347,10,stoffels,1000,50,50,uncased,undefended,2,0.090566038
Steno,Chiro,22.02,-6.835,3.2787,2.718281828,towers ,1000,16.48315162,-3.61,3.347,10,stoffels,1000,200,199.5986395,uncased,undefended,12,0.555555556
Steno,Chiro,21.84,-6.835,3.2787,2.718281828,towers ,1000,17.9735,-3.61,3.347,10,stoffels,1000,5,5,uncased,undefended,0,0
Steno,Chiro,19.68,-6.835,3.2787,2.718281828,towers ,1000,17.41165563,-3.61,3.347,10,stoffels,1000,40,39.00662252,uncased,undefended,1,0.044117647
Steno,Chiro,28.2,-6.835,3.2787,2.718281828,towers ,1000,16.62179641,-3.61,3.347,10,stoffels,1000,70,68.03892216,uncased,undefended,6,0.311149525
Steno,Chiro,21.13,-6.835,3.2787,2.718281828,towers ,1000,16.65742268,-3.61,3.347,10,stoffels,1000,50,50,uncased,undefended,4,0.181132075
Steno,Chiro,24.51,-6.835,3.2787,2.718281828,towers ,1000,16.78068387,-3.61,3.347,10,stoffels,1000,100,97.48129032,uncased,undefended,7,0.30194105
Steno,Chiro,18.67,-6.835,3.2787,2.718281828,towers ,1000,17.41165563,-3.61,3.347,10,stoffels,1000,40,39.00662252,uncased,undefended,2,0.077720207
Steno,Chiro,24.69,-6.835,3.2787,2.718281828,towers ,1000,16.78068387,-3.61,3.347,10,stoffels,1000,100,97.48129032,uncased,undefended,7,0.307242136
Steno,Chiro,17.03,-6.835,3.2787,2.718281828,towers ,1000,16.65742268,-3.61,3.347,10,stoffels,1000,50,50,uncased,undefended,5,0.244897959
Steno,Chiro,16.75,-6.835,3.2787,2.718281828,towers ,1000,16.94863248,-3.61,3.347,10,stoffels,1000,150,147.5266525,uncased,undefended,5,0.233463035
Steno,Chiro,25.12,-6.835,3.2787,2.718281828,towers ,1000,16.48315162,-3.61,3.347,10,stoffels,1000,200,199.5986395,uncased,undefended,11,0.509259259
Steno,Chiro,19.79,-6.835,3.2787,2.718281828,towers ,1000,16.62179641,-3.61,3.347,10,stoffels,1000,70,68.03892216,uncased,undefended,2,0.091047041
Steno,Chiro,19.84,-6.835,3.2787,2.718281828,towers ,1000,16.65742268,-3.61,3.347,10,stoffels,1000,50,50,uncased,undefended,4,0.191846523
Steno,Chiro,17.57,-6.835,3.2787,2.718281828,towers ,1000,16.65742268,-3.61,3.347,10,stoffels,1000,50,50,uncased,undefended,10,0.490196078
Steno,Chiro,28.24,-6.835,3.2787,2.718281828,towers ,1000,16.48315162,-3.61,3.347,10,stoffels,1000,200,199.5986395,uncased,undefended,20,0.93385214
Steno,Chiro,25.73,-6.835,3.2787,2.718281828,towers ,1000,16.78068387,-3.61,3.347,10,stoffels,1000,100,97.48129032,uncased,undefended,10,0.504201681
Steno,Chiro,23.15,-6.835,3.2787,2.718281828,towers ,1000,16.65742268,-3.61,3.347,10,stoffels,1000,50,50,uncased,undefended,7,0.316503391
Trout,Chiro,110,-12.98521354,3.05,2.718281828,jellyman,1,16.65742268,-3.61,3.347,10,stoffels,1000,50,50,uncased,undefended,26,1.289256198
Trout,Chiro,156,-12.98521354,3.05,2.718281828,jellyman,1,16.78068387,-3.61,3.347,10,stoffels,1000,100,97.48129032,uncased,undefended,53,2.727272727
Trout,Chiro,67,-12.98521354,3.05,2.718281828,jellyman,1,16.94863248,-3.61,3.347,10,stoffels,1000,150,147.5266525,uncased,undefended,9,0.46997389
Trout,Chiro,69,-12.98521354,3.05,2.718281828,jellyman,1,16.48315162,-3.61,3.347,10,stoffels,1000,200,199.5986395,uncased,undefended,40,2.160216022
Trout,Chiro,146,-12.98521354,3.05,2.718281828,jellyman,1,16.78068387,-3.61,3.347,10,stoffels,1000,100,97.48129032,uncased,undefended,64,3.254237288
Trout,Chiro,86,-12.98521354,3.05,2.718281828,jellyman,1,16.65742268,-3.61,3.347,10,stoffels,1000,50,50,uncased,undefended,23,1.041509434
Trout,Chiro,109,-12.98521354,3.05,2.718281828,jellyman,1,16.78068387,-3.61,3.347,10,stoffels,1000,100,97.48129032,uncased,undefended,95,4.695222405
Trout,Chiro,68,-12.98521354,3.05,2.718281828,jellyman,1,16.78068387,-3.61,3.347,10,stoffels,1000,100,97.48129032,uncased,undefended,32,1.658031088
Trout,Chiro,65,-12.98521354,3.05,2.718281828,jellyman,1,16.62179641,-3.61,3.347,10,stoffels,1000,70,68.03892216,uncased,undefended,27,1.400172861
Trout,Chiro,156,-12.98521354,3.05,2.718281828,jellyman,1,17.41165563,-3.61,3.347,10,stoffels,1000,40,39.00662252,uncased,undefended,1,0.043668122
Trout,Chiro,151,-12.98521354,3.05,2.718281828,jellyman,1,16.94863248,-3.61,3.347,10,stoffels,1000,150,147.5266525,uncased,undefended,97,5.065274151
Trout,Chiro,107,-12.98521354,3.05,2.718281828,jellyman,1,16.94863248,-3.61,3.347,10,stoffels,1000,150,147.5266525,uncased,undefended,128,6.784452297
Trout,Chiro,95,-12.98521354,3.05,2.718281828,jellyman,1,16.94863248,-3.61,3.347,10,stoffels,1000,150,147.5266525,uncased,undefended,84,4.401746725
Trout,Chiro,96,-12.98521354,3.05,2.718281828,jellyman,1,16.78068387,-3.61,3.347,10,stoffels,1000,100,97.48129032,uncased,undefended,57,2.85
Trout,Chiro,79,-12.98521354,3.05,2.718281828,jellyman,1,16.65742268,-3.61,3.347,10,stoffels,1000,50,50,uncased,undefended,21,1.030253475
Trout,Chiro,76,-12.98521354,3.05,2.718281828,jellyman,1,17.9735,-3.61,3.347,10,stoffels,1000,5,5,uncased,undefended,3,0.139751553
Trout,Chiro,151,-12.98521354,3.05,2.718281828,jellyman,1,17.9735,-3.61,3.347,10,stoffels,1000,5,5,uncased,undefended,1,0.045836516
Trout,Chiro,97,-12.98521354,3.05,2.718281828,jellyman,1,17.9735,-3.61,3.347,10,stoffels,1000,5,5,uncased,undefended,4,0.187940486
Trout,Chiro,108,-12.98521354,3.05,2.718281828,jellyman,1,17.9735,-3.61,3.347,10,stoffels,1000,5,5,uncased,undefended,1,0.046620047
Trout,Chiro,141,-12.98521354,3.05,2.718281828,jellyman,1,17.9735,-3.61,3.347,10,stoffels,1000,5,5,uncased,undefended,1,0.04587156
Trout,Chiro,108,-12.98521354,3.05,2.718281828,jellyman,1,16.62179641,-3.61,3.347,10,stoffels,1000,70,68.03892216,uncased,undefended,57,2.821782178
Trout,Chiro,76,-12.98521354,3.05,2.718281828,jellyman,1,16.62179641,-3.61,3.347,10,stoffels,1000,70,68.03892216,uncased,undefended,22,1.132075472
Trout,Chiro,154,-12.98521354,3.05,2.718281828,jellyman,1,16.62179641,-3.61,3.347,10,stoffels,1000,70,68.03892216,uncased,undefended,53,2.694915254
Trout,Chiro,95,-12.98521354,3.05,2.718281828,jellyman,1,16.62179641,-3.61,3.347,10,stoffels,1000,70,68.03892216,uncased,undefended,65,3.382480486
Trout,Chiro,143,-12.98521354,3.05,2.718281828,jellyman,1,16.62179641,-3.61,3.347,10,stoffels,1000,70,68.03892216,uncased,undefended,44,2.178217822
Trout,Chiro,76,-12.98521354,3.05,2.718281828,jellyman,1,16.94863248,-3.61,3.347,10,stoffels,1000,150,147.5266525,uncased,undefended,42,2.193211488
Trout,Chiro,107,-12.98521354,3.05,2.718281828,jellyman,1,17.41165563,-3.61,3.347,10,stoffels,1000,40,39.00662252,uncased,undefended,26,1.225451689
Trout,Chiro,143,-12.98521354,3.05,2.718281828,jellyman,1,17.41165563,-3.61,3.347,10,stoffels,1000,40,39.00662252,uncased,undefended,5,0.235478807
Trout,Chiro,97,-12.98521354,3.05,2.718281828,jellyman,1,17.41165563,-3.61,3.347,10,stoffels,1000,40,39.00662252,uncased,undefended,9,0.41958042
Trout,Chiro,76,-12.98521354,3.05,2.718281828,jellyman,1,17.41165563,-3.61,3.347,10,stoffels,1000,40,39.00662252,uncased,undefended,8,0.383386581
Trout,Chiro,80,-12.98521354,3.05,2.718281828,jellyman,1,16.48315162,-3.61,3.347,10,stoffels,1000,200,199.5986395,uncased,undefended,16,0.854092527
Trout,Chiro,153,-12.98521354,3.05,2.718281828,jellyman,1,16.48315162,-3.61,3.347,10,stoffels,1000,200,199.5986395,uncased,undefended,162,8.617021277
Trout,Chiro,94,-12.98521354,3.05,2.718281828,jellyman,1,16.48315162,-3.61,3.347,10,stoffels,1000,200,199.5986395,uncased,undefended,41,2.171226831
Trout,Chiro,107,-12.98521354,3.05,2.718281828,jellyman,1,16.48315162,-3.61,3.347,10,stoffels,1000,200,199.5986395,uncased,undefended,52,2.751322751
Trout,Chiro,142,-12.98521354,3.05,2.718281828,jellyman,1,16.48315162,-3.61,3.347,10,stoffels,1000,200,199.5986395,uncased,undefended,175,9.325044405
Trout,Chiro,67,-12.98521354,3.05,2.718281828,jellyman,1,17.9735,-3.61,3.347,10,stoffels,1000,5,5,uncased,undefended,2,0.099173554
Trout,Chiro,151,-12.98521354,3.05,2.718281828,jellyman,1,16.65742268,-3.61,3.347,10,stoffels,1000,50,50,uncased,undefended,4,0.195918367
Trout,Chiro,82,-12.98521354,3.05,2.718281828,jellyman,1,16.78068387,-3.61,3.347,10,stoffels,1000,100,97.48129032,uncased,undefended,45,2.259414226
Trout,Chiro,145,-12.98521354,3.05,2.718281828,jellyman,1,16.65742268,-3.61,3.347,10,stoffels,1000,50,50,uncased,undefended,22,1.006097561
Trout,Chiro,98,-12.98521354,3.05,2.718281828,jellyman,1,16.65742268,-3.61,3.347,10,stoffels,1000,50,50,uncased,undefended,39,1.783536585
Trout,Chiro,66,-12.98521354,3.05,2.718281828,jellyman,1,17.41165563,-3.61,3.347,10,stoffels,1000,40,39.00662252,uncased,undefended,29,1.331293037
Trout,Chiro,130,-12.98521354,3.05,2.718281828,jellyman,1,16.65742268,-3.61,3.347,10,stoffels,1000,50,50,uncased,undefended,38,1.884297521
Trout,Chiro,142,-12.98521354,3.05,2.718281828,jellyman,1,16.65742268,-3.61,3.347,10,stoffels,1000,50,50,uncased,undefended,37,1.690784463
Trout,Chiro,140,-12.98521354,3.05,2.718281828,jellyman,1,16.94863248,-3.61,3.347,10,stoffels,1000,150,147.5266525,uncased,undefended,48,2.506527415
Archi,Colo,31.72,-5.5204,2.6784,2.718281828,towers ,1000,9.129579832,-3.6445,2.47,2.718281828,towers ,1000,50,48.42436975,uncased,defended,0,0
Archi,Colo,18.56,-5.5204,2.6784,2.718281828,towers ,1000,9.129579832,-3.6445,2.47,2.718281828,towers ,1000,50,48.42436975,uncased,defended,0,0
Archi,Colo,22.02,-5.5204,2.6784,2.718281828,towers ,1000,9.129579832,-3.6445,2.47,2.718281828,towers ,1000,50,48.42436975,uncased,defended,0,0
Archi,Colo,22.23,-5.5204,2.6784,2.718281828,towers ,1000,9.129579832,-3.6445,2.47,2.718281828,towers ,1000,50,48.42436975,uncased,defended,0,0
Archi,Colo,18.54,-5.5204,2.6784,2.718281828,towers ,1000,9.129579832,-3.6445,2.47,2.718281828,towers ,1000,50,48.42436975,uncased,defended,0,0
Archi,Colo,30.84,-5.5204,2.6784,2.718281828,towers ,1000,9.129579832,-3.6445,2.47,2.718281828,towers ,1000,50,48.42436975,uncased,defended,0,0
Archi,Colo,30.31,-5.5204,2.6784,2.718281828,towers ,1000,9.129579832,-3.6445,2.47,2.718281828,towers ,1000,50,48.42436975,uncased,defended,0,0
Archi,Colo,27.08,-5.5204,2.6784,2.718281828,towers ,1000,9.129579832,-3.6445,2.47,2.718281828,towers ,1000,50,48.42436975,uncased,defended,0,0
Galax,Colo,67,-14.77496979,3.417,2.718281828,jellyman,1,9.129579832,-3.6445,2.47,2.718281828,towers ,1000,50,48.42436975,uncased,defended,2,0.093095423
Galax,Colo,132,-14.77496979,3.417,2.718281828,jellyman,1,9.129579832,-3.6445,2.47,2.718281828,towers ,1000,50,48.42436975,uncased,defended,0,0
Galax,Colo,62,-14.77496979,3.417,2.718281828,jellyman,1,9.129579832,-3.6445,2.47,2.718281828,towers ,1000,50,48.42436975,uncased,defended,2,0.093167702
Galax,Colo,95,-14.77496979,3.417,2.718281828,jellyman,1,9.129579832,-3.6445,2.47,2.718281828,towers ,1000,50,48.42436975,uncased,defended,3,0.139318885
Galax,Colo,65,-14.77496979,3.417,2.718281828,jellyman,1,9.129579832,-3.6445,2.47,2.718281828,towers ,1000,50,48.42436975,uncased,defended,4,0.186046512
Galax,Colo,100,-14.77496979,3.417,2.718281828,jellyman,1,9.129579832,-3.6445,2.47,2.718281828,towers ,1000,50,48.42436975,uncased,defended,1,0.046511628
Galax,Colo,82,-14.77496979,3.417,2.718281828,jellyman,1,9.129579832,-3.6445,2.47,2.718281828,towers ,1000,50,48.42436975,uncased,defended,11,0.514018692
Galax,Colo,125,-14.77496979,3.417,2.718281828,jellyman,1,9.129579832,-3.6445,2.47,2.718281828,towers ,1000,50,48.42436975,uncased,defended,4,0.185758514
Steno,Colo,21.13,-6.835,3.2787,2.718281828,towers ,1000,9.129579832,-3.6445,2.47,2.718281828,towers ,1000,50,48.42436975,uncased,defended,1,0.045696877
Steno,Colo,17.22,-6.835,3.2787,2.718281828,towers ,1000,9.129579832,-3.6445,2.47,2.718281828,towers ,1000,50,48.42436975,uncased,defended,3,0.136882129
Steno,Colo,23.15,-6.835,3.2787,2.718281828,towers ,1000,9.129579832,-3.6445,2.47,2.718281828,towers ,1000,50,48.42436975,uncased,defended,0,0
Steno,Colo,25.85,-6.835,3.2787,2.718281828,towers ,1000,9.129579832,-3.6445,2.47,2.718281828,towers ,1000,50,48.42436975,uncased,defended,6,0.274390244
Steno,Colo,21.31,-6.835,3.2787,2.718281828,towers ,1000,9.129579832,-3.6445,2.47,2.718281828,towers ,1000,50,48.42436975,uncased,defended,1,0.045696877
Steno,Colo,15.65,-6.835,3.2787,2.718281828,towers ,1000,9.129579832,-3.6445,2.47,2.718281828,towers ,1000,50,48.42436975,uncased,defended,2,0.091324201
Steno,Colo,15.51,-6.835,3.2787,2.718281828,towers ,1000,9.129579832,-3.6445,2.47,2.718281828,towers ,1000,50,48.42436975,uncased,defended,4,0.183206107
Steno,Colo,26.97,-6.835,3.2787,2.718281828,towers ,1000,9.129579832,-3.6445,2.47,2.718281828,towers ,1000,50,48.42436975,uncased,defended,4,0.183346066
Trout,Colo,165,-12.98521354,3.05,2.718281828,jellyman,1,9.129579832,-3.6445,2.47,2.718281828,towers ,1000,50,48.42436975,uncased,defended,1,0.042949177
Trout,Colo,115,-12.98521354,3.05,2.718281828,jellyman,1,9.129579832,-3.6445,2.47,2.718281828,towers ,1000,50,48.42436975,uncased,defended,0,0
Trout,Colo,169,-12.98521354,3.05,2.718281828,jellyman,1,9.129579832,-3.6445,2.47,2.718281828,towers ,1000,50,48.42436975,uncased,defended,1,0.042918455
Trout,Colo,85,-12.98521354,3.05,2.718281828,jellyman,1,9.129579832,-3.6445,2.47,2.718281828,towers ,1000,50,48.42436975,uncased,defended,5,0.214285714
Trout,Colo,102,-12.98521354,3.05,2.718281828,jellyman,1,9.129579832,-3.6445,2.47,2.718281828,towers ,1000,50,48.42436975,uncased,defended,0,0
Trout,Colo,76,-12.98521354,3.05,2.718281828,jellyman,1,9.129579832,-3.6445,2.47,2.718281828,towers ,1000,50,48.42436975,uncased,defended,5,0.214132762
Trout,Colo,78,-12.98521354,3.05,2.718281828,jellyman,1,9.129579832,-3.6445,2.47,2.718281828,towers ,1000,50,48.42436975,uncased,defended,4,0.170454545
Trout,Colo,153,-12.98521354,3.05,2.718281828,jellyman,1,9.129579832,-3.6445,2.47,2.718281828,towers ,1000,50,48.42436975,uncased,defended,0,0
Archi,Del,32.24,-5.5204,2.6784,2.718281828,towers ,1000,6.910911602,-5.38,3.0555,2.718281828,towers ,1000,30,30.24309392,uncased,undefended,9,0.400296516
Archi,Del,23.18,-5.5204,2.6784,2.718281828,towers ,1000,6.74519802,-5.38,3.0555,2.718281828,towers ,1000,50,50.54455446,uncased,undefended,2,0.088105727
Archi,Del,31.15,-5.5204,2.6784,2.718281828,towers ,1000,6.74519802,-5.38,3.0555,2.718281828,towers ,1000,50,50.54455446,uncased,undefended,10,0.43956044
Archi,Del,21.88,-5.5204,2.6784,2.718281828,towers ,1000,6.910911602,-5.38,3.0555,2.718281828,towers ,1000,30,30.24309392,uncased,undefended,4,0.177777778
Archi,Del,20.63,-5.5204,2.6784,2.718281828,towers ,1000,6.910911602,-5.38,3.0555,2.718281828,towers ,1000,30,30.24309392,uncased,undefended,6,0.271903323
Archi,Del,27.45,-5.5204,2.6784,2.718281828,towers ,1000,6.910911602,-5.38,3.0555,2.718281828,towers ,1000,30,30.24309392,uncased,undefended,4,0.170575693
Archi,Del,12.56,-5.5204,2.6784,2.718281828,towers ,1000,6.910911602,-5.38,3.0555,2.718281828,towers ,1000,30,30.24309392,uncased,undefended,0,0
Archi,Del,16.82,-5.5204,2.6784,2.718281828,towers ,1000,6.74519802,-5.38,3.0555,2.718281828,towers ,1000,50,50.54455446,uncased,undefended,6,0.263929619
Archi,Del,29.04,-5.5204,2.6784,2.718281828,towers ,1000,6.910911602,-5.38,3.0555,2.718281828,towers ,1000,30,30.24309392,uncased,undefended,1,0.044977511
Archi,Del,22.06,-5.5204,2.6784,2.718281828,towers ,1000,6.910911602,-5.38,3.0555,2.718281828,towers ,1000,30,30.24309392,uncased,undefended,5,0.225733634
Archi,Del,24.17,-5.5204,2.6784,2.718281828,towers ,1000,6.74519802,-5.38,3.0555,2.718281828,towers ,1000,50,50.54455446,uncased,undefended,12,0.528246515
Archi,Del,32.2,-5.5204,2.6784,2.718281828,towers ,1000,6.910911602,-5.38,3.0555,2.718281828,towers ,1000,30,30.24309392,uncased,undefended,2,0.090909091
Archi,Del,21.13,-5.5204,2.6784,2.718281828,towers ,1000,6.74519802,-5.38,3.0555,2.718281828,towers ,1000,50,50.54455446,uncased,undefended,7,0.307692308
Archi,Del,19.02,-5.5204,2.6784,2.718281828,towers ,1000,6.74519802,-5.38,3.0555,2.718281828,towers ,1000,50,50.54455446,uncased,undefended,0,0
Archi,Del,25.22,-5.5204,2.6784,2.718281828,towers ,1000,6.74519802,-5.38,3.0555,2.718281828,towers ,1000,50,50.54455446,uncased,undefended,2,0.088170463
Archi,Del,19.41,-5.5204,2.6784,2.718281828,towers ,1000,6.74519802,-5.38,3.0555,2.718281828,towers ,1000,50,50.54455446,uncased,undefended,5,0.219458669
Galax,Del,76,-14.77496979,3.417,2.718281828,jellyman,1,6.74519802,-5.38,3.0555,2.718281828,towers ,1000,50,50.54455446,uncased,undefended,17,0.76119403
Galax,Del,110,-14.77496979,3.417,2.718281828,jellyman,1,6.910911602,-5.38,3.0555,2.718281828,towers ,1000,30,30.24309392,uncased,undefended,19,0.865603645
Galax,Del,115,-14.77496979,3.417,2.718281828,jellyman,1,6.74519802,-5.38,3.0555,2.718281828,towers ,1000,50,50.54455446,uncased,undefended,15,0.673652695
Galax,Del,107,-14.77496979,3.417,2.718281828,jellyman,1,6.910911602,-5.38,3.0555,2.718281828,towers ,1000,30,30.24309392,uncased,undefended,15,0.668647845
Galax,Del,76,-14.77496979,3.417,2.718281828,jellyman,1,6.910911602,-5.38,3.0555,2.718281828,towers ,1000,30,30.24309392,uncased,undefended,14,0.618101545
Galax,Del,115,-14.77496979,3.417,2.718281828,jellyman,1,6.910911602,-5.38,3.0555,2.718281828,towers ,1000,30,30.24309392,uncased,undefended,16,0.683274021
Galax,Del,96,-14.77496979,3.417,2.718281828,jellyman,1,6.74519802,-5.38,3.0555,2.718281828,towers ,1000,50,50.54455446,uncased,undefended,11,0.492537313
Galax,Del,76,-14.77496979,3.417,2.718281828,jellyman,1,6.910911602,-5.38,3.0555,2.718281828,towers ,1000,30,30.24309392,uncased,undefended,21,0.894886364
Galax,Del,70,-14.77496979,3.417,2.718281828,jellyman,1,6.74519802,-5.38,3.0555,2.718281828,towers ,1000,50,50.54455446,uncased,undefended,20,0.894187779
Galax,Del,116,-14.77496979,3.417,2.718281828,jellyman,1,6.74519802,-5.38,3.0555,2.718281828,towers ,1000,50,50.54455446,uncased,undefended,18,0.809595202
Galax,Del,73,-14.77496979,3.417,2.718281828,jellyman,1,6.910911602,-5.38,3.0555,2.718281828,towers ,1000,30,30.24309392,uncased,undefended,11,0.498866213
Galax,Del,69,-14.77496979,3.417,2.718281828,jellyman,1,6.74519802,-5.38,3.0555,2.718281828,towers ,1000,50,50.54455446,uncased,undefended,23,1.028315946
Galax,Del,107,-14.77496979,3.417,2.718281828,jellyman,1,6.910911602,-5.38,3.0555,2.718281828,towers ,1000,30,30.24309392,uncased,undefended,10,0.452830189
Galax,Del,86,-14.77496979,3.417,2.718281828,jellyman,1,6.74519802,-5.38,3.0555,2.718281828,towers ,1000,50,50.54455446,uncased,undefended,27,1.210762332
Galax,Del,115,-14.77496979,3.417,2.718281828,jellyman,1,6.74519802,-5.38,3.0555,2.718281828,towers ,1000,50,50.54455446,uncased,undefended,26,1.166791324
Galax,Del,74,-14.77496979,3.417,2.718281828,jellyman,1,6.910911602,-5.38,3.0555,2.718281828,towers ,1000,30,30.24309392,uncased,undefended,9,0.403889304
Steno,Del,17.14,-6.835,3.2787,2.718281828,towers ,1000,6.74519802,-5.38,3.0555,2.718281828,towers ,1000,50,50.54455446,uncased,undefended,4,0.174799709
Steno,Del,22.21,-6.835,3.2787,2.718281828,towers ,1000,6.74519802,-5.38,3.0555,2.718281828,towers ,1000,50,50.54455446,uncased,undefended,4,0.178306092
Steno,Del,16.1,-6.835,3.2787,2.718281828,towers ,1000,5.901216931,-5.38,3.0555,2.718281828,towers ,1000,100,96.57142857,uncased,undefended,2,0.089418778
Steno,Del,20.05,-6.835,3.2787,2.718281828,towers ,1000,6.74519802,-5.38,3.0555,2.718281828,towers ,1000,50,50.54455446,uncased,undefended,0,0
Steno,Del,22.56,-6.835,3.2787,2.718281828,towers ,1000,5.887333333,-5.38,3.0555,2.718281828,towers ,1000,5,5,uncased,undefended,1,0.042583392
Steno,Del,26.81,-6.835,3.2787,2.718281828,towers ,1000,6.74519802,-5.38,3.0555,2.718281828,towers ,1000,50,50.54455446,uncased,undefended,2,0.08908686
Steno,Del,16.5,-6.835,3.2787,2.718281828,towers ,1000,5.887333333,-5.38,3.0555,2.718281828,towers ,1000,5,5,uncased,undefended,0,0
Steno,Del,20.91,-6.835,3.2787,2.718281828,towers ,1000,6.121901141,-5.38,3.0555,2.718281828,towers ,1000,70,68.3269962,uncased,undefended,0,0
Steno,Del,28.72,-6.835,3.2787,2.718281828,towers ,1000,5.901216931,-5.38,3.0555,2.718281828,towers ,1000,100,96.57142857,uncased,undefended,0,0
Steno,Del,13.48,-6.835,3.2787,2.718281828,towers ,1000,5.901216931,-5.38,3.0555,2.718281828,towers ,1000,100,96.57142857,uncased,undefended,1,0.04552352
Steno,Del,27.32,-6.835,3.2787,2.718281828,towers ,1000,5.822212838,-5.38,3.0555,2.718281828,towers ,1000,150,149.5236486,uncased,undefended,8,0.368663594
Steno,Del,20.29,-6.835,3.2787,2.718281828,towers ,1000,4.952244898,-5.38,3.0555,2.718281828,towers ,1000,200,197.0761421,uncased,undefended,0,0
Steno,Del,27.2,-6.835,3.2787,2.718281828,towers ,1000,6.121901141,-5.38,3.0555,2.718281828,towers ,1000,70,68.3269962,uncased,undefended,1,0.045906656
Steno,Del,25.58,-6.835,3.2787,2.718281828,towers ,1000,6.74519802,-5.38,3.0555,2.718281828,towers ,1000,50,50.54455446,uncased,undefended,3,0.133828996
Steno,Del,17.27,-6.835,3.2787,2.718281828,towers ,1000,6.74519802,-5.38,3.0555,2.718281828,towers ,1000,50,50.54455446,uncased,undefended,0,0
Steno,Del,16.34,-6.835,3.2787,2.718281828,towers ,1000,6.121901141,-5.38,3.0555,2.718281828,towers ,1000,70,68.3269962,uncased,undefended,0,0
Steno,Del,21.16,-6.835,3.2787,2.718281828,towers ,1000,6.74519802,-5.38,3.0555,2.718281828,towers ,1000,50,50.54455446,uncased,undefended,3,0.133531157
Steno,Del,24.24,-6.835,3.2787,2.718281828,towers ,1000,6.74519802,-5.38,3.0555,2.718281828,towers ,1000,50,50.54455446,uncased,undefended,2,0.08908686
Steno,Del,21.77,-6.835,3.2787,2.718281828,towers ,1000,5.901216931,-5.38,3.0555,2.718281828,towers ,1000,100,96.57142857,uncased,undefended,3,0.135338346
Steno,Del,27.79,-6.835,3.2787,2.718281828,towers ,1000,5.887333333,-5.38,3.0555,2.718281828,towers ,1000,5,5,uncased,undefended,0,0
Steno,Del,29.32,-6.835,3.2787,2.718281828,towers ,1000,6.121901141,-5.38,3.0555,2.718281828,towers ,1000,70,68.3269962,uncased,undefended,4,0.18278751
Steno,Del,19.47,-6.835,3.2787,2.718281828,towers ,1000,5.822212838,-5.38,3.0555,2.718281828,towers ,1000,150,149.5236486,uncased,undefended,11,0.503432494
Steno,Del,28.01,-6.835,3.2787,2.718281828,towers ,1000,5.887333333,-5.38,3.0555,2.718281828,towers ,1000,5,5,uncased,undefended,0,0
Steno,Del,20.96,-6.835,3.2787,2.718281828,towers ,1000,5.852678571,-5.38,3.0555,2.718281828,towers ,1000,40,38.41071429,uncased,undefended,1,0.042523033
Steno,Del,28.45,-6.835,3.2787,2.718281828,towers ,1000,5.822212838,-5.38,3.0555,2.718281828,towers ,1000,150,149.5236486,uncased,undefended,4,0.184615385
Steno,Del,29.13,-6.835,3.2787,2.718281828,towers ,1000,5.901216931,-5.38,3.0555,2.718281828,towers ,1000,100,96.57142857,uncased,undefended,0,0
Steno,Del,17.49,-6.835,3.2787,2.718281828,towers ,1000,5.887333333,-5.38,3.0555,2.718281828,towers ,1000,5,5,uncased,undefended,0,0
Steno,Del,16.12,-6.835,3.2787,2.718281828,towers ,1000,4.952244898,-5.38,3.0555,2.718281828,towers ,1000,200,197.0761421,uncased,undefended,0,0
Steno,Del,18.46,-6.835,3.2787,2.718281828,towers ,1000,5.852678571,-5.38,3.0555,2.718281828,towers ,1000,40,38.41071429,uncased,undefended,2,0.086517664
Steno,Del,29.62,-6.835,3.2787,2.718281828,towers ,1000,4.952244898,-5.38,3.0555,2.718281828,towers ,1000,200,197.0761421,uncased,undefended,1,0.046153846
Steno,Del,28.27,-6.835,3.2787,2.718281828,towers ,1000,5.852678571,-5.38,3.0555,2.718281828,towers ,1000,40,38.41071429,uncased,undefended,0,0
Steno,Del,15.6,-6.835,3.2787,2.718281828,towers ,1000,6.121901141,-5.38,3.0555,2.718281828,towers ,1000,70,68.3269962,uncased,undefended,0,0
Steno,Del,22.27,-6.835,3.2787,2.718281828,towers ,1000,5.822212838,-5.38,3.0555,2.718281828,towers ,1000,150,149.5236486,uncased,undefended,1,0.045351474
Steno,Del,15.06,-6.835,3.2787,2.718281828,towers ,1000,5.822212838,-5.38,3.0555,2.718281828,towers ,1000,150,149.5236486,uncased,undefended,4,0.183346066
Steno,Del,14.36,-6.835,3.2787,2.718281828,towers ,1000,5.852678571,-5.38,3.0555,2.718281828,towers ,1000,40,38.41071429,uncased,undefended,0,0
Steno,Del,29.54,-6.835,3.2787,2.718281828,towers ,1000,4.952244898,-5.38,3.0555,2.718281828,towers ,1000,200,197.0761421,uncased,undefended,1,0.046332046
Steno,Del,28.08,-6.835,3.2787,2.718281828,towers ,1000,5.852678571,-5.38,3.0555,2.718281828,towers ,1000,40,38.41071429,uncased,undefended,1,0.042674253
Trout,Del,115,-12.98521354,3.05,2.718281828,jellyman,1,5.901216931,-5.38,3.0555,2.718281828,towers ,1000,100,96.57142857,uncased,undefended,42,1.995249406
Trout,Del,82,-12.98521354,3.05,2.718281828,jellyman,1,5.822212838,-5.38,3.0555,2.718281828,towers ,1000,150,149.5236486,uncased,undefended,33,1.582733813
Trout,Del,155,-12.98521354,3.05,2.718281828,jellyman,1,5.822212838,-5.38,3.0555,2.718281828,towers ,1000,150,149.5236486,uncased,undefended,66,3.160415004
Trout,Del,92,-12.98521354,3.05,2.718281828,jellyman,1,4.952244898,-5.38,3.0555,2.718281828,towers ,1000,200,197.0761421,uncased,undefended,22,1.048451152
Trout,Del,71,-12.98521354,3.05,2.718281828,jellyman,1,6.74519802,-5.38,3.0555,2.718281828,towers ,1000,50,50.54455446,uncased,undefended,28,1.173184358
Trout,Del,97,-12.98521354,3.05,2.718281828,jellyman,1,5.852678571,-5.38,3.0555,2.718281828,towers ,1000,40,38.41071429,uncased,undefended,7,0.303030303
Trout,Del,77,-12.98521354,3.05,2.718281828,jellyman,1,5.852678571,-5.38,3.0555,2.718281828,towers ,1000,40,38.41071429,uncased,undefended,9,0.393299345
Trout,Del,100,-12.98521354,3.05,2.718281828,jellyman,1,6.910911602,-5.38,3.0555,2.718281828,towers ,1000,30,30.24309392,uncased,undefended,19,0.8113879
Trout,Del,151,-12.98521354,3.05,2.718281828,jellyman,1,6.74519802,-5.38,3.0555,2.718281828,towers ,1000,50,50.54455446,uncased,undefended,22,0.928270042
Trout,Del,62,-12.98521354,3.05,2.718281828,jellyman,1,6.74519802,-5.38,3.0555,2.718281828,towers ,1000,50,50.54455446,uncased,undefended,20,0.844475721
Trout,Del,81,-12.98521354,3.05,2.718281828,jellyman,1,6.74519802,-5.38,3.0555,2.718281828,towers ,1000,50,50.54455446,uncased,undefended,29,1.213389121
Trout,Del,154,-12.98521354,3.05,2.718281828,jellyman,1,6.121901141,-5.38,3.0555,2.718281828,towers ,1000,70,68.3269962,uncased,undefended,36,1.615557218
Trout,Del,144,-12.98521354,3.05,2.718281828,jellyman,1,6.121901141,-5.38,3.0555,2.718281828,towers ,1000,70,68.3269962,uncased,undefended,38,1.761978362
Trout,Del,74,-12.98521354,3.05,2.718281828,jellyman,1,6.121901141,-5.38,3.0555,2.718281828,towers ,1000,70,68.3269962,uncased,undefended,15,0.668151448
Trout,Del,94,-12.98521354,3.05,2.718281828,jellyman,1,6.121901141,-5.38,3.0555,2.718281828,towers ,1000,70,68.3269962,uncased,undefended,14,0.65166796
Trout,Del,95,-12.98521354,3.05,2.718281828,jellyman,1,5.822212838,-5.38,3.0555,2.718281828,towers ,1000,150,149.5236486,uncased,undefended,36,1.719745223
Trout,Del,142,-12.98521354,3.05,2.718281828,jellyman,1,4.952244898,-5.38,3.0555,2.718281828,towers ,1000,200,197.0761421,uncased,undefended,80,3.830806065
Trout,Del,161,-12.98521354,3.05,2.718281828,jellyman,1,4.952244898,-5.38,3.0555,2.718281828,towers ,1000,200,197.0761421,uncased,undefended,62,2.987951807
Trout,Del,80,-12.98521354,3.05,2.718281828,jellyman,1,4.952244898,-5.38,3.0555,2.718281828,towers ,1000,200,197.0761421,uncased,undefended,33,1.575178998
Trout,Del,113,-12.98521354,3.05,2.718281828,jellyman,1,4.952244898,-5.38,3.0555,2.718281828,towers ,1000,200,197.0761421,uncased,undefended,79,3.779904306
Trout,Del,155,-12.98521354,3.05,2.718281828,jellyman,1,6.910911602,-5.38,3.0555,2.718281828,towers ,1000,30,30.24309392,uncased,undefended,21,0.9
Trout,Del,93,-12.98521354,3.05,2.718281828,jellyman,1,6.910911602,-5.38,3.0555,2.718281828,towers ,1000,30,30.24309392,uncased,undefended,18,0.79587325
Trout,Del,151,-12.98521354,3.05,2.718281828,jellyman,1,6.910911602,-5.38,3.0555,2.718281828,towers ,1000,30,30.24309392,uncased,undefended,22,0.974169742
Trout,Del,151,-12.98521354,3.05,2.718281828,jellyman,1,6.910911602,-5.38,3.0555,2.718281828,towers ,1000,30,30.24309392,uncased,undefended,13,0.589123867
Trout,Del,101,-12.98521354,3.05,2.718281828,jellyman,1,6.910911602,-5.38,3.0555,2.718281828,towers ,1000,30,30.24309392,uncased,undefended,9,0.403889304
Trout,Del,156,-12.98521354,3.05,2.718281828,jellyman,1,6.910911602,-5.38,3.0555,2.718281828,towers ,1000,30,30.24309392,uncased,undefended,10,0.451467269
Trout,Del,94,-12.98521354,3.05,2.718281828,jellyman,1,5.901216931,-5.38,3.0555,2.718281828,towers ,1000,100,96.57142857,uncased,undefended,20,0.942655145
Trout,Del,84,-12.98521354,3.05,2.718281828,jellyman,1,5.887333333,-5.38,3.0555,2.718281828,towers ,1000,5,5,uncased,undefended,3,0.125962211
Trout,Del,142,-12.98521354,3.05,2.718281828,jellyman,1,5.822212838,-5.38,3.0555,2.718281828,towers ,1000,150,149.5236486,uncased,undefended,55,2.614896989
Trout,Del,115,-12.98521354,3.05,2.718281828,jellyman,1,5.822212838,-5.38,3.0555,2.718281828,towers ,1000,150,149.5236486,uncased,undefended,99,4.755804644
Trout,Del,112,-12.98521354,3.05,2.718281828,jellyman,1,5.887333333,-5.38,3.0555,2.718281828,towers ,1000,5,5,uncased,undefended,4,0.170454545
Trout,Del,115,-12.98521354,3.05,2.718281828,jellyman,1,6.121901141,-5.38,3.0555,2.718281828,towers ,1000,70,68.3269962,uncased,undefended,37,1.698546289
Trout,Del,140,-12.98521354,3.05,2.718281828,jellyman,1,6.74519802,-5.38,3.0555,2.718281828,towers ,1000,50,50.54455446,uncased,undefended,21,0.88794926
Trout,Del,105,-12.98521354,3.05,2.718281828,jellyman,1,6.74519802,-5.38,3.0555,2.718281828,towers ,1000,50,50.54455446,uncased,undefended,22,0.927617709
Trout,Del,114,-12.98521354,3.05,2.718281828,jellyman,1,5.852678571,-5.38,3.0555,2.718281828,towers ,1000,40,38.41071429,uncased,undefended,26,1.11747851
Trout,Del,147,-12.98521354,3.05,2.718281828,jellyman,1,5.852678571,-5.38,3.0555,2.718281828,towers ,1000,40,38.41071429,uncased,undefended,12,0.510638298
Trout,Del,142,-12.98521354,3.05,2.718281828,jellyman,1,5.901216931,-5.38,3.0555,2.718281828,towers ,1000,100,96.57142857,uncased,undefended,43,2.00622084
Trout,Del,86,-12.98521354,3.05,2.718281828,jellyman,1,5.901216931,-5.38,3.0555,2.718281828,towers ,1000,100,96.57142857,uncased,undefended,27,1.23853211
Trout,Del,92,-12.98521354,3.05,2.718281828,jellyman,1,5.887333333,-5.38,3.0555,2.718281828,towers ,1000,5,5,uncased,undefended,2,0.083623693
Trout,Del,157,-12.98521354,3.05,2.718281828,jellyman,1,5.887333333,-5.38,3.0555,2.718281828,towers ,1000,5,5,uncased,undefended,3,0.126227209
Trout,Del,99,-12.98521354,3.05,2.718281828,jellyman,1,6.910911602,-5.38,3.0555,2.718281828,towers ,1000,30,30.24309392,uncased,undefended,19,0.866920152
Trout,Del,110,-12.98521354,3.05,2.718281828,jellyman,1,6.74519802,-5.38,3.0555,2.718281828,towers ,1000,50,50.54455446,uncased,undefended,30,1.268498943
Trout,Del,148,-12.98521354,3.05,2.718281828,jellyman,1,6.74519802,-5.38,3.0555,2.718281828,towers ,1000,50,50.54455446,uncased,undefended,25,1.055594652
Trout,Del,154,-12.98521354,3.05,2.718281828,jellyman,1,5.901216931,-5.38,3.0555,2.718281828,towers ,1000,100,96.57142857,uncased,undefended,14,0.598717035
Trout,Del,148,-12.98521354,3.05,2.718281828,jellyman,1,5.852678571,-5.38,3.0555,2.718281828,towers ,1000,40,38.41071429,uncased,undefended,3,0.126315789
Trout,Del,141,-12.98521354,3.05,2.718281828,jellyman,1,5.887333333,-5.38,3.0555,2.718281828,towers ,1000,5,5,uncased,undefended,3,0.126138753
Archi,Nesa,34.65,-5.5204,2.6784,2.718281828,towers ,1000,10.13470588,-6.8917,3.5268,2.718281828,towers ,1000,50,52.04977376,uncased,undefended,5,0.231124807
Archi,Nesa,22.98,-5.5204,2.6784,2.718281828,towers ,1000,10.13470588,-6.8917,3.5268,2.718281828,towers ,1000,50,52.04977376,uncased,undefended,0,0
Archi,Nesa,21.89,-5.5204,2.6784,2.718281828,towers ,1000,10.13470588,-6.8917,3.5268,2.718281828,towers ,1000,50,52.04977376,uncased,undefended,0,0
Archi,Nesa,20.08,-5.5204,2.6784,2.718281828,towers ,1000,10.13470588,-6.8917,3.5268,2.718281828,towers ,1000,50,52.04977376,uncased,undefended,3,0.137719969
Archi,Nesa,28.96,-5.5204,2.6784,2.718281828,towers ,1000,11.33005556,-6.8917,3.5268,2.718281828,towers ,1000,30,30.17777778,uncased,undefended,0,0
Archi,Nesa,29.14,-5.5204,2.6784,2.718281828,towers ,1000,10.13470588,-6.8917,3.5268,2.718281828,towers ,1000,50,52.04977376,uncased,undefended,2,0.092735703
Archi,Nesa,23.51,-5.5204,2.6784,2.718281828,towers ,1000,10.13470588,-6.8917,3.5268,2.718281828,towers ,1000,50,52.04977376,uncased,undefended,0,0
Archi,Nesa,25.53,-5.5204,2.6784,2.718281828,towers ,1000,10.13470588,-6.8917,3.5268,2.718281828,towers ,1000,50,52.04977376,uncased,undefended,1,0.045906656
Archi,Nesa,30.63,-5.5204,2.6784,2.718281828,towers ,1000,10.13470588,-6.8917,3.5268,2.718281828,towers ,1000,50,52.04977376,uncased,undefended,2,0.092664093
Archi,Nesa,19.26,-5.5204,2.6784,2.718281828,towers ,1000,11.33005556,-6.8917,3.5268,2.718281828,towers ,1000,30,30.17777778,uncased,undefended,1,0.045011253
Archi,Nesa,23.92,-5.5204,2.6784,2.718281828,towers ,1000,11.33005556,-6.8917,3.5268,2.718281828,towers ,1000,30,30.17777778,uncased,undefended,1,0.043763676
Archi,Nesa,19.78,-5.5204,2.6784,2.718281828,towers ,1000,11.33005556,-6.8917,3.5268,2.718281828,towers ,1000,30,30.17777778,uncased,undefended,0,0
Archi,Nesa,20.37,-5.5204,2.6784,2.718281828,towers ,1000,11.33005556,-6.8917,3.5268,2.718281828,towers ,1000,30,30.17777778,uncased,undefended,1,0.04454343
Archi,Nesa,31.17,-5.5204,2.6784,2.718281828,towers ,1000,11.33005556,-6.8917,3.5268,2.718281828,towers ,1000,30,30.17777778,uncased,undefended,0,0
Archi,Nesa,17.74,-5.5204,2.6784,2.718281828,towers ,1000,11.33005556,-6.8917,3.5268,2.718281828,towers ,1000,30,30.17777778,uncased,undefended,0,0
Archi,Nesa,29.04,-5.5204,2.6784,2.718281828,towers ,1000,11.33005556,-6.8917,3.5268,2.718281828,towers ,1000,30,30.17777778,uncased,undefended,0,0
Galax,Nesa,78,-14.77496979,3.417,2.718281828,jellyman,1,11.33005556,-6.8917,3.5268,2.718281828,towers ,1000,30,30.17777778,uncased,undefended,8,0.362811791
Galax,Nesa,139,-14.77496979,3.417,2.718281828,jellyman,1,10.13470588,-6.8917,3.5268,2.718281828,towers ,1000,50,52.04977376,uncased,undefended,0,0
Galax,Nesa,100,-14.77496979,3.417,2.718281828,jellyman,1,10.13470588,-6.8917,3.5268,2.718281828,towers ,1000,50,52.04977376,uncased,undefended,32,1.43928036
Galax,Nesa,105,-14.77496979,3.417,2.718281828,jellyman,1,11.33005556,-6.8917,3.5268,2.718281828,towers ,1000,30,30.17777778,uncased,undefended,12,0.542168675
Galax,Nesa,75,-14.77496979,3.417,2.718281828,jellyman,1,10.13470588,-6.8917,3.5268,2.718281828,towers ,1000,50,52.04977376,uncased,undefended,22,0.995475113
Galax,Nesa,77,-14.77496979,3.417,2.718281828,jellyman,1,11.33005556,-6.8917,3.5268,2.718281828,towers ,1000,30,30.17777778,uncased,undefended,13,0.588235294
Galax,Nesa,72,-14.77496979,3.417,2.718281828,jellyman,1,10.13470588,-6.8917,3.5268,2.718281828,towers ,1000,50,52.04977376,uncased,undefended,8,0.360090023
Galax,Nesa,76,-14.77496979,3.417,2.718281828,jellyman,1,11.33005556,-6.8917,3.5268,2.718281828,towers ,1000,30,30.17777778,uncased,undefended,12,0.535714286
Galax,Nesa,106,-14.77496979,3.417,2.718281828,jellyman,1,11.33005556,-6.8917,3.5268,2.718281828,towers ,1000,30,30.17777778,uncased,undefended,17,0.760059613
Galax,Nesa,105,-14.77496979,3.417,2.718281828,jellyman,1,11.33005556,-6.8917,3.5268,2.718281828,towers ,1000,30,30.17777778,uncased,undefended,16,0.7239819
Galax,Nesa,109,-14.77496979,3.417,2.718281828,jellyman,1,10.13470588,-6.8917,3.5268,2.718281828,towers ,1000,50,52.04977376,uncased,undefended,7,0.314842579
Galax,Nesa,116,-14.77496979,3.417,2.718281828,jellyman,1,11.33005556,-6.8917,3.5268,2.718281828,towers ,1000,30,30.17777778,uncased,undefended,22,0.964912281
Galax,Nesa,95,-14.77496979,3.417,2.718281828,jellyman,1,10.13470588,-6.8917,3.5268,2.718281828,towers ,1000,50,52.04977376,uncased,undefended,11,0.498113208
Galax,Nesa,74,-14.77496979,3.417,2.718281828,jellyman,1,11.33005556,-6.8917,3.5268,2.718281828,towers ,1000,30,30.17777778,uncased,undefended,0,0
Galax,Nesa,72,-14.77496979,3.417,2.718281828,jellyman,1,10.13470588,-6.8917,3.5268,2.718281828,towers ,1000,50,52.04977376,uncased,undefended,12,0.540540541
Galax,Nesa,115,-14.77496979,3.417,2.718281828,jellyman,1,10.13470588,-6.8917,3.5268,2.718281828,towers ,1000,50,52.04977376,uncased,undefended,21,0.950226244
Steno,Nesa,19.92,-6.835,3.2787,2.718281828,towers ,1000,10.13470588,-6.8917,3.5268,2.718281828,towers ,1000,50,52.04977376,uncased,undefended,0,0
Steno,Nesa,27.02,-6.835,3.2787,2.718281828,towers ,1000,10.13470588,-6.8917,3.5268,2.718281828,towers ,1000,50,52.04977376,uncased,undefended,0,0
Steno,Nesa,24.54,-6.835,3.2787,2.718281828,towers ,1000,10.13470588,-6.8917,3.5268,2.718281828,towers ,1000,50,52.04977376,uncased,undefended,0,0
Steno,Nesa,28.53,-6.835,3.2787,2.718281828,towers ,1000,10.13470588,-6.8917,3.5268,2.718281828,towers ,1000,50,52.04977376,uncased,undefended,1,0.040376851
Steno,Nesa,23.85,-6.835,3.2787,2.718281828,towers ,1000,10.13470588,-6.8917,3.5268,2.718281828,towers ,1000,50,52.04977376,uncased,undefended,2,0.080862534
Steno,Nesa,30.2,-6.835,3.2787,2.718281828,towers ,1000,10.13470588,-6.8917,3.5268,2.718281828,towers ,1000,50,52.04977376,uncased,undefended,1,0.0402955
Steno,Nesa,20.92,-6.835,3.2787,2.718281828,towers ,1000,10.13470588,-6.8917,3.5268,2.718281828,towers ,1000,50,52.04977376,uncased,undefended,0,0
Steno,Nesa,17.86,-6.835,3.2787,2.718281828,towers ,1000,10.13470588,-6.8917,3.5268,2.718281828,towers ,1000,50,52.04977376,uncased,undefended,0,0
Trout,Nesa,143,-12.98521354,3.05,2.718281828,jellyman,1,9.766615385,-6.8917,3.5268,2.718281828,towers ,1000,70,67,uncased,undefended,6,0.296784831
Trout,Nesa,95,-12.98521354,3.05,2.718281828,jellyman,1,9.286938776,-6.8917,3.5268,2.718281828,towers ,1000,100,98,uncased,undefended,26,1.276595745
Trout,Nesa,150,-12.98521354,3.05,2.718281828,jellyman,1,9.286938776,-6.8917,3.5268,2.718281828,towers ,1000,100,98,uncased,undefended,30,1.463414634
Trout,Nesa,81,-12.98521354,3.05,2.718281828,jellyman,1,9.226181818,-6.8917,3.5268,2.718281828,towers ,1000,200,200,uncased,undefended,119,5.994962217
Trout,Nesa,85,-12.98521354,3.05,2.718281828,jellyman,1,8.91225,-6.8917,3.5268,2.718281828,towers ,1000,40,40,uncased,undefended,21,0.970724191
Trout,Nesa,65,-12.98521354,3.05,2.718281828,jellyman,1,10.13470588,-6.8917,3.5268,2.718281828,towers ,1000,50,52.04977376,uncased,undefended,22,1.059390048
Trout,Nesa,153,-12.98521354,3.05,2.718281828,jellyman,1,9.110689655,-6.8917,3.5268,2.718281828,towers ,1000,150,145,uncased,undefended,77,3.866108787
Trout,Nesa,98,-12.98521354,3.05,2.718281828,jellyman,1,11.33005556,-6.8917,3.5268,2.718281828,towers ,1000,30,30.17777778,uncased,undefended,7,0.317700454
Trout,Nesa,152,-12.98521354,3.05,2.718281828,jellyman,1,11.33005556,-6.8917,3.5268,2.718281828,towers ,1000,30,30.17777778,uncased,undefended,26,1.176470588
Trout,Nesa,82,-12.98521354,3.05,2.718281828,jellyman,1,10.13470588,-6.8917,3.5268,2.718281828,towers ,1000,50,52.04977376,uncased,undefended,25,1.205787781
Trout,Nesa,132,-12.98521354,3.05,2.718281828,jellyman,1,10.13470588,-6.8917,3.5268,2.718281828,towers ,1000,50,52.04977376,uncased,undefended,20,0.957701516
Trout,Nesa,81,-12.98521354,3.05,2.718281828,jellyman,1,9.766615385,-6.8917,3.5268,2.718281828,towers ,1000,70,67,uncased,undefended,23,1.126530612
Trout,Nesa,67,-12.98521354,3.05,2.718281828,jellyman,1,10.13470588,-6.8917,3.5268,2.718281828,towers ,1000,50,52.04977376,uncased,undefended,9,0.434432824
Trout,Nesa,95,-12.98521354,3.05,2.718281828,jellyman,1,10.13470588,-6.8917,3.5268,2.718281828,towers ,1000,50,52.04977376,uncased,undefended,15,0.721732157
Trout,Nesa,125,-12.98521354,3.05,2.718281828,jellyman,1,10.13470588,-6.8917,3.5268,2.718281828,towers ,1000,50,52.04977376,uncased,undefended,11,0.526735834
Trout,Nesa,62,-12.98521354,3.05,2.718281828,jellyman,1,10.13470588,-6.8917,3.5268,2.718281828,towers ,1000,50,52.04977376,uncased,undefended,18,0.861244019
Trout,Nesa,95,-12.98521354,3.05,2.718281828,jellyman,1,9.110689655,-6.8917,3.5268,2.718281828,towers ,1000,150,145,uncased,undefended,40,1.986754967
Trout,Nesa,145,-12.98521354,3.05,2.718281828,jellyman,1,9.226181818,-6.8917,3.5268,2.718281828,towers ,1000,200,200,uncased,undefended,59,2.977291842
Trout,Nesa,115,-12.98521354,3.05,2.718281828,jellyman,1,9.286938776,-6.8917,3.5268,2.718281828,towers ,1000,100,98,uncased,undefended,79,3.801122694
Trout,Nesa,95,-12.98521354,3.05,2.718281828,jellyman,1,8.91225,-6.8917,3.5268,2.718281828,towers ,1000,40,40,uncased,undefended,20,0.923076923
Trout,Nesa,155,-12.98521354,3.05,2.718281828,jellyman,1,8.91225,-6.8917,3.5268,2.718281828,towers ,1000,40,40,uncased,undefended,21,0.972972973
Trout,Nesa,93,-12.98521354,3.05,2.718281828,jellyman,1,11.33005556,-6.8917,3.5268,2.718281828,towers ,1000,30,30.17777778,uncased,undefended,30,1.348314607
Trout,Nesa,153,-12.98521354,3.05,2.718281828,jellyman,1,11.33005556,-6.8917,3.5268,2.718281828,towers ,1000,30,30.17777778,uncased,undefended,25,1.126972201
Trout,Nesa,142,-12.98521354,3.05,2.718281828,jellyman,1,9.34,-6.8917,3.5268,2.718281828,towers ,1000,5,4,uncased,undefended,2,0.0968523
Trout,Nesa,79,-12.98521354,3.05,2.718281828,jellyman,1,9.34,-6.8917,3.5268,2.718281828,towers ,1000,5,4,uncased,undefended,3,0.143426295
Trout,Nesa,96,-12.98521354,3.05,2.718281828,jellyman,1,9.34,-6.8917,3.5268,2.718281828,towers ,1000,5,4,uncased,undefended,3,0.143198091
Trout,Nesa,147,-12.98521354,3.05,2.718281828,jellyman,1,9.110689655,-6.8917,3.5268,2.718281828,towers ,1000,150,145,uncased,undefended,84,4.207011686
Trout,Nesa,108,-12.98521354,3.05,2.718281828,jellyman,1,9.766615385,-6.8917,3.5268,2.718281828,towers ,1000,70,67,uncased,undefended,15,0.730519481
Trout,Nesa,141,-12.98521354,3.05,2.718281828,jellyman,1,8.91225,-6.8917,3.5268,2.718281828,towers ,1000,40,40,uncased,undefended,20,0.928074246
Trout,Nesa,82,-12.98521354,3.05,2.718281828,jellyman,1,9.286938776,-6.8917,3.5268,2.718281828,towers ,1000,100,98,uncased,undefended,18,0.883074407
Trout,Nesa,110,-12.98521354,3.05,2.718281828,jellyman,1,9.226181818,-6.8917,3.5268,2.718281828,towers ,1000,200,200,uncased,undefended,53,2.663316583
Trout,Nesa,150,-12.98521354,3.05,2.718281828,jellyman,1,9.226181818,-6.8917,3.5268,2.718281828,towers ,1000,200,200,uncased,undefended,105,5.254378649
Trout,Nesa,101,-12.98521354,3.05,2.718281828,jellyman,1,11.33005556,-6.8917,3.5268,2.718281828,towers ,1000,30,30.17777778,uncased,undefended,19,0.833942941
Trout,Nesa,87,-12.98521354,3.05,2.718281828,jellyman,1,9.110689655,-6.8917,3.5268,2.718281828,towers ,1000,150,145,uncased,undefended,0,0
Trout,Nesa,111,-12.98521354,3.05,2.718281828,jellyman,1,8.91225,-6.8917,3.5268,2.718281828,towers ,1000,40,40,uncased,undefended,24,1.120622568
Trout,Nesa,151,-12.98521354,3.05,2.718281828,jellyman,1,11.33005556,-6.8917,3.5268,2.718281828,towers ,1000,30,30.17777778,uncased,undefended,23,1.019955654
Trout,Nesa,155,-12.98521354,3.05,2.718281828,jellyman,1,11.33005556,-6.8917,3.5268,2.718281828,towers ,1000,30,30.17777778,uncased,undefended,29,1.27753304
Trout,Nesa,111,-12.98521354,3.05,2.718281828,jellyman,1,9.110689655,-6.8917,3.5268,2.718281828,towers ,1000,150,145,uncased,undefended,9,0.378681627
Trout,Nesa,155,-12.98521354,3.05,2.718281828,jellyman,1,9.34,-6.8917,3.5268,2.718281828,towers ,1000,5,4,uncased,undefended,2,0.095846645
Trout,Nesa,144,-12.98521354,3.05,2.718281828,jellyman,1,9.286938776,-6.8917,3.5268,2.718281828,towers ,1000,100,98,uncased,undefended,59,2.859450727
Trout,Nesa,96,-12.98521354,3.05,2.718281828,jellyman,1,9.226181818,-6.8917,3.5268,2.718281828,towers ,1000,200,200,uncased,undefended,22,1.098169717
Trout,Nesa,100,-12.98521354,3.05,2.718281828,jellyman,1,10.13470588,-6.8917,3.5268,2.718281828,towers ,1000,50,52.04977376,uncased,undefended,36,1.737731295
Trout,Nesa,97,-12.98521354,3.05,2.718281828,jellyman,1,11.33005556,-6.8917,3.5268,2.718281828,towers ,1000,30,30.17777778,uncased,undefended,26,1.156412157
Trout,Nesa,152,-12.98521354,3.05,2.718281828,jellyman,1,9.766615385,-6.8917,3.5268,2.718281828,towers ,1000,70,67,uncased,undefended,16,0.798668885
Trout,Nesa,114,-12.98521354,3.05,2.718281828,jellyman,1,9.34,-6.8917,3.5268,2.718281828,towers ,1000,5,4,uncased,undefended,2,0.095313741
Trout,Nesa,95,-12.98521354,3.05,2.718281828,jellyman,1,9.766615385,-6.8917,3.5268,2.718281828,towers ,1000,70,67,uncased,undefended,39,1.858617951
Archi,Olinga,36.99,-5.5204,2.6784,2.718281828,towers ,1000,8.570746269,-6.5681,3.3417,2.718281828,towers ,1000,50,50.25373134,cased,defended,3,0.127388535
Archi,Olinga,22.25,-5.5204,2.6784,2.718281828,towers ,1000,9.290724234,-6.5681,3.3417,2.718281828,towers ,1000,30,29.92479109,cased,defended,0,0
Archi,Olinga,16.44,-5.5204,2.6784,2.718281828,towers ,1000,8.570746269,-6.5681,3.3417,2.718281828,towers ,1000,50,50.25373134,cased,defended,0,0
Archi,Olinga,32.78,-5.5204,2.6784,2.718281828,towers ,1000,9.290724234,-6.5681,3.3417,2.718281828,towers ,1000,30,29.92479109,cased,defended,0,0
Archi,Olinga,20,-5.5204,2.6784,2.718281828,towers ,1000,9.290724234,-6.5681,3.3417,2.718281828,towers ,1000,30,29.92479109,cased,defended,0,0
Archi,Olinga,28.87,-5.5204,2.6784,2.718281828,towers ,1000,9.290724234,-6.5681,3.3417,2.718281828,towers ,1000,30,29.92479109,cased,defended,0,0
Archi,Olinga,16.42,-5.5204,2.6784,2.718281828,towers ,1000,9.290724234,-6.5681,3.3417,2.718281828,towers ,1000,30,29.92479109,cased,defended,1,0.045248869
Archi,Olinga,26.91,-5.5204,2.6784,2.718281828,towers ,1000,9.290724234,-6.5681,3.3417,2.718281828,towers ,1000,30,29.92479109,cased,defended,1,0.045112782
Archi,Olinga,20.93,-5.5204,2.6784,2.718281828,towers ,1000,8.570746269,-6.5681,3.3417,2.718281828,towers ,1000,50,50.25373134,cased,defended,0,0
Archi,Olinga,19.11,-5.5204,2.6784,2.718281828,towers ,1000,8.570746269,-6.5681,3.3417,2.718281828,towers ,1000,50,50.25373134,cased,defended,1,0.042523033
Archi,Olinga,23.14,-5.5204,2.6784,2.718281828,towers ,1000,8.570746269,-6.5681,3.3417,2.718281828,towers ,1000,50,50.25373134,cased,defended,1,0.042553191
Archi,Olinga,27.18,-5.5204,2.6784,2.718281828,towers ,1000,8.570746269,-6.5681,3.3417,2.718281828,towers ,1000,50,50.25373134,cased,defended,0,0
Archi,Olinga,34.22,-5.5204,2.6784,2.718281828,towers ,1000,8.570746269,-6.5681,3.3417,2.718281828,towers ,1000,50,50.25373134,cased,defended,1,0.042583392
Archi,Olinga,30.77,-5.5204,2.6784,2.718281828,towers ,1000,8.570746269,-6.5681,3.3417,2.718281828,towers ,1000,50,50.25373134,cased,defended,1,0.042432815
Archi,Olinga,14.84,-5.5204,2.6784,2.718281828,towers ,1000,9.290724234,-6.5681,3.3417,2.718281828,towers ,1000,30,29.92479109,cased,defended,0,0
Archi,Olinga,28.72,-5.5204,2.6784,2.718281828,towers ,1000,9.290724234,-6.5681,3.3417,2.718281828,towers ,1000,30,29.92479109,cased,defended,1,0.044676098
Galax,Olinga,63,-14.77496979,3.417,2.718281828,jellyman,1,8.570746269,-6.5681,3.3417,2.718281828,towers ,1000,50,50.25373134,cased,defended,1,0.045696877
Galax,Olinga,123,-14.77496979,3.417,2.718281828,jellyman,1,8.570746269,-6.5681,3.3417,2.718281828,towers ,1000,50,50.25373134,cased,defended,1,0.045941807
Galax,Olinga,112,-14.77496979,3.417,2.718281828,jellyman,1,8.570746269,-6.5681,3.3417,2.718281828,towers ,1000,50,50.25373134,cased,defended,1,0.045836516
Galax,Olinga,105,-14.77496979,3.417,2.718281828,jellyman,1,9.290724234,-6.5681,3.3417,2.718281828,towers ,1000,30,29.92479109,cased,defended,0,0
Galax,Olinga,73,-14.77496979,3.417,2.718281828,jellyman,1,9.290724234,-6.5681,3.3417,2.718281828,towers ,1000,30,29.92479109,cased,defended,2,0.088757396
Galax,Olinga,76,-14.77496979,3.417,2.718281828,jellyman,1,9.290724234,-6.5681,3.3417,2.718281828,towers ,1000,30,29.92479109,cased,defended,0,0
Galax,Olinga,78,-14.77496979,3.417,2.718281828,jellyman,1,9.290724234,-6.5681,3.3417,2.718281828,towers ,1000,30,29.92479109,cased,defended,0,0
Galax,Olinga,60,-14.77496979,3.417,2.718281828,jellyman,1,8.570746269,-6.5681,3.3417,2.718281828,towers ,1000,50,50.25373134,cased,defended,0,0
Galax,Olinga,55,-14.77496979,3.417,2.718281828,jellyman,1,8.570746269,-6.5681,3.3417,2.718281828,towers ,1000,50,50.25373134,cased,defended,1,0.0456621
Galax,Olinga,110,-14.77496979,3.417,2.718281828,jellyman,1,8.570746269,-6.5681,3.3417,2.718281828,towers ,1000,50,50.25373134,cased,defended,0,0
Galax,Olinga,114,-14.77496979,3.417,2.718281828,jellyman,1,9.290724234,-6.5681,3.3417,2.718281828,towers ,1000,30,29.92479109,cased,defended,0,0
Galax,Olinga,105,-14.77496979,3.417,2.718281828,jellyman,1,9.290724234,-6.5681,3.3417,2.718281828,towers ,1000,30,29.92479109,cased,defended,0,0
Galax,Olinga,78,-14.77496979,3.417,2.718281828,jellyman,1,9.290724234,-6.5681,3.3417,2.718281828,towers ,1000,30,29.92479109,cased,defended,1,0.045283019
Galax,Olinga,75,-14.77496979,3.417,2.718281828,jellyman,1,8.570746269,-6.5681,3.3417,2.718281828,towers ,1000,50,50.25373134,cased,defended,0,0
Galax,Olinga,85,-14.77496979,3.417,2.718281828,jellyman,1,8.570746269,-6.5681,3.3417,2.718281828,towers ,1000,50,50.25373134,cased,defended,1,0.045836516
Galax,Olinga,105,-14.77496979,3.417,2.718281828,jellyman,1,9.290724234,-6.5681,3.3417,2.718281828,towers ,1000,30,29.92479109,cased,defended,0,0
Steno,Olinga,26.92,-6.835,3.2787,2.718281828,towers ,1000,8.570746269,-6.5681,3.3417,2.718281828,towers ,1000,50,50.25373134,cased,defended,1,0.042492918
Steno,Olinga,22.68,-6.835,3.2787,2.718281828,towers ,1000,8.570746269,-6.5681,3.3417,2.718281828,towers ,1000,50,50.25373134,cased,defended,1,0.042523033
Steno,Olinga,20.11,-6.835,3.2787,2.718281828,towers ,1000,8.570746269,-6.5681,3.3417,2.718281828,towers ,1000,50,50.25373134,cased,defended,1,0.042887777
Steno,Olinga,27.88,-6.835,3.2787,2.718281828,towers ,1000,8.570746269,-6.5681,3.3417,2.718281828,towers ,1000,50,50.25373134,cased,defended,0,0
Steno,Olinga,28.27,-6.835,3.2787,2.718281828,towers ,1000,8.570746269,-6.5681,3.3417,2.718281828,towers ,1000,50,50.25373134,cased,defended,0,0
Steno,Olinga,18.54,-6.835,3.2787,2.718281828,towers ,1000,8.570746269,-6.5681,3.3417,2.718281828,towers ,1000,50,50.25373134,cased,defended,1,0.042643923
Steno,Olinga,20.69,-6.835,3.2787,2.718281828,towers ,1000,8.570746269,-6.5681,3.3417,2.718281828,towers ,1000,50,50.25373134,cased,defended,0,0
Steno,Olinga,19.79,-6.835,3.2787,2.718281828,towers ,1000,8.570746269,-6.5681,3.3417,2.718281828,towers ,1000,50,50.25373134,cased,defended,0,0
Trout,Olinga,155,-12.98521354,3.05,2.718281828,jellyman,1,8.570746269,-6.5681,3.3417,2.718281828,towers ,1000,50,50.25373134,cased,defended,4,0.174039159
Trout,Olinga,122,-12.98521354,3.05,2.718281828,jellyman,1,8.570746269,-6.5681,3.3417,2.718281828,towers ,1000,50,50.25373134,cased,defended,0,0
Trout,Olinga,158,-12.98521354,3.05,2.718281828,jellyman,1,8.570746269,-6.5681,3.3417,2.718281828,towers ,1000,50,50.25373134,cased,defended,0,0
Trout,Olinga,98,-12.98521354,3.05,2.718281828,jellyman,1,9.290724234,-6.5681,3.3417,2.718281828,towers ,1000,30,29.92479109,cased,defended,3,0.133333333
Trout,Olinga,151,-12.98521354,3.05,2.718281828,jellyman,1,9.290724234,-6.5681,3.3417,2.718281828,towers ,1000,30,29.92479109,cased,defended,1,0.044676098
Trout,Olinga,99,-12.98521354,3.05,2.718281828,jellyman,1,9.290724234,-6.5681,3.3417,2.718281828,towers ,1000,30,29.92479109,cased,defended,2,0.087336245
Trout,Olinga,155,-12.98521354,3.05,2.718281828,jellyman,1,9.290724234,-6.5681,3.3417,2.718281828,towers ,1000,30,29.92479109,cased,defended,0,0
Trout,Olinga,159,-12.98521354,3.05,2.718281828,jellyman,1,9.290724234,-6.5681,3.3417,2.718281828,towers ,1000,30,29.92479109,cased,defended,1,0.045180723
Trout,Olinga,90,-12.98521354,3.05,2.718281828,jellyman,1,8.570746269,-6.5681,3.3417,2.718281828,towers ,1000,50,50.25373134,cased,defended,0,0
Trout,Olinga,118,-12.98521354,3.05,2.718281828,jellyman,1,8.570746269,-6.5681,3.3417,2.718281828,towers ,1000,50,50.25373134,cased,defended,0,0
Trout,Olinga,158,-12.98521354,3.05,2.718281828,jellyman,1,8.570746269,-6.5681,3.3417,2.718281828,towers ,1000,50,50.25373134,cased,defended,0,0
Trout,Olinga,80,-12.98521354,3.05,2.718281828,jellyman,1,8.570746269,-6.5681,3.3417,2.718281828,towers ,1000,50,50.25373134,cased,defended,7,0.30259366
Trout,Olinga,98,-12.98521354,3.05,2.718281828,jellyman,1,9.290724234,-6.5681,3.3417,2.718281828,towers ,1000,30,29.92479109,cased,defended,0,0
Trout,Olinga,93,-12.98521354,3.05,2.718281828,jellyman,1,8.570746269,-6.5681,3.3417,2.718281828,towers ,1000,50,50.25373134,cased,defended,0,0
Trout,Olinga,102,-12.98521354,3.05,2.718281828,jellyman,1,9.290724234,-6.5681,3.3417,2.718281828,towers ,1000,30,29.92479109,cased,defended,0,0
Trout,Olinga,155,-12.98521354,3.05,2.718281828,jellyman,1,9.290724234,-6.5681,3.3417,2.718281828,towers ,1000,30,29.92479109,cased,defended,4,0.175310446
Archi,Pot,14.38,-5.5204,2.6784,2.718281828,towers ,1000,3.649827586,-4.74,3.21,2.718281828,Baumgartner,1000,30,29.29597701,cased,defended,0,0
Archi,Pot,25.66,-5.5204,2.6784,2.718281828,towers ,1000,3.649827586,-4.74,3.21,2.718281828,Baumgartner,1000,30,29.29597701,cased,defended,1,0.043134436
Archi,Pot,30.92,-5.5204,2.6784,2.718281828,towers ,1000,3.649827586,-4.74,3.21,2.718281828,Baumgartner,1000,30,29.29597701,cased,defended,1,0.042492918
Archi,Pot,31.08,-5.5204,2.6784,2.718281828,towers ,1000,3.514416244,-4.74,3.21,2.718281828,Baumgartner,1000,50,49.29441624,cased,defended,0,0
Archi,Pot,26.07,-5.5204,2.6784,2.718281828,towers ,1000,3.514416244,-4.74,3.21,2.718281828,Baumgartner,1000,50,49.29441624,cased,defended,0,0
Archi,Pot,17.02,-5.5204,2.6784,2.718281828,towers ,1000,3.514416244,-4.74,3.21,2.718281828,Baumgartner,1000,50,49.29441624,cased,defended,0,0
Archi,Pot,26.16,-5.5204,2.6784,2.718281828,towers ,1000,3.514416244,-4.74,3.21,2.718281828,Baumgartner,1000,50,49.29441624,cased,defended,0,0
Archi,Pot,21.27,-5.5204,2.6784,2.718281828,towers ,1000,3.514416244,-4.74,3.21,2.718281828,Baumgartner,1000,50,49.29441624,cased,defended,0,0
Archi,Pot,28.34,-5.5204,2.6784,2.718281828,towers ,1000,3.649827586,-4.74,3.21,2.718281828,Baumgartner,1000,30,29.29597701,cased,defended,0,0
Archi,Pot,27.76,-5.5204,2.6784,2.718281828,towers ,1000,3.514416244,-4.74,3.21,2.718281828,Baumgartner,1000,50,49.29441624,cased,defended,0,0
Archi,Pot,18.75,-5.5204,2.6784,2.718281828,towers ,1000,3.649827586,-4.74,3.21,2.718281828,Baumgartner,1000,30,29.29597701,cased,defended,0,0
Archi,Pot,18.79,-5.5204,2.6784,2.718281828,towers ,1000,3.514416244,-4.74,3.21,2.718281828,Baumgartner,1000,50,49.29441624,cased,defended,0,0
Archi,Pot,25.87,-5.5204,2.6784,2.718281828,towers ,1000,3.514416244,-4.74,3.21,2.718281828,Baumgartner,1000,50,49.29441624,cased,defended,2,0.097560976
Archi,Pot,18.44,-5.5204,2.6784,2.718281828,towers ,1000,3.649827586,-4.74,3.21,2.718281828,Baumgartner,1000,30,29.29597701,cased,defended,0,0
Archi,Pot,25.75,-5.5204,2.6784,2.718281828,towers ,1000,3.649827586,-4.74,3.21,2.718281828,Baumgartner,1000,30,29.29597701,cased,defended,2,0.090634441
Archi,Pot,17.65,-5.5204,2.6784,2.718281828,towers ,1000,3.649827586,-4.74,3.21,2.718281828,Baumgartner,1000,30,29.29597701,cased,defended,2,0.09042954
Galax,Pot,114,-14.77496979,3.417,2.718281828,jellyman,1,3.649827586,-4.74,3.21,2.718281828,Baumgartner,1000,30,29.29597701,cased,defended,3,0.129496403
Galax,Pot,75,-14.77496979,3.417,2.718281828,jellyman,1,3.649827586,-4.74,3.21,2.718281828,Baumgartner,1000,30,29.29597701,cased,defended,1,0.043165468
Galax,Pot,98,-14.77496979,3.417,2.718281828,jellyman,1,3.514416244,-4.74,3.21,2.718281828,Baumgartner,1000,50,49.29441624,cased,defended,2,0.088626292
Galax,Pot,79,-14.77496979,3.417,2.718281828,jellyman,1,3.649827586,-4.74,3.21,2.718281828,Baumgartner,1000,30,29.29597701,cased,defended,1,0.043827611
Galax,Pot,47,-14.77496979,3.417,2.718281828,jellyman,1,3.514416244,-4.74,3.21,2.718281828,Baumgartner,1000,50,49.29441624,cased,defended,1,0.04415011
Galax,Pot,77,-14.77496979,3.417,2.718281828,jellyman,1,3.649827586,-4.74,3.21,2.718281828,Baumgartner,1000,30,29.29597701,cased,defended,0,0
Galax,Pot,110,-14.77496979,3.417,2.718281828,jellyman,1,3.514416244,-4.74,3.21,2.718281828,Baumgartner,1000,50,49.29441624,cased,defended,3,0.132743363
Galax,Pot,114,-14.77496979,3.417,2.718281828,jellyman,1,3.514416244,-4.74,3.21,2.718281828,Baumgartner,1000,50,49.29441624,cased,defended,0,0
Galax,Pot,131,-14.77496979,3.417,2.718281828,jellyman,1,3.514416244,-4.74,3.21,2.718281828,Baumgartner,1000,50,49.29441624,cased,defended,0,0
Galax,Pot,80,-14.77496979,3.417,2.718281828,jellyman,1,3.514416244,-4.74,3.21,2.718281828,Baumgartner,1000,50,49.29441624,cased,defended,3,0.132061629
Galax,Pot,78,-14.77496979,3.417,2.718281828,jellyman,1,3.649827586,-4.74,3.21,2.718281828,Baumgartner,1000,30,29.29597701,cased,defended,3,0.135135135
Galax,Pot,65,-14.77496979,3.417,2.718281828,jellyman,1,3.514416244,-4.74,3.21,2.718281828,Baumgartner,1000,50,49.29441624,cased,defended,0,0
Galax,Pot,67,-14.77496979,3.417,2.718281828,jellyman,1,3.514416244,-4.74,3.21,2.718281828,Baumgartner,1000,50,49.29441624,cased,defended,4,0.176860722
Galax,Pot,111,-14.77496979,3.417,2.718281828,jellyman,1,3.649827586,-4.74,3.21,2.718281828,Baumgartner,1000,30,29.29597701,cased,defended,1,0.045011253
Galax,Pot,103,-14.77496979,3.417,2.718281828,jellyman,1,3.649827586,-4.74,3.21,2.718281828,Baumgartner,1000,30,29.29597701,cased,defended,2,0.085106383
Galax,Pot,106,-14.77496979,3.417,2.718281828,jellyman,1,3.649827586,-4.74,3.21,2.718281828,Baumgartner,1000,30,29.29597701,cased,defended,1,0.043636364
Steno,Pot,18.43,-6.835,3.2787,2.718281828,towers ,1000,3.514416244,-4.74,3.21,2.718281828,Baumgartner,1000,50,49.29441624,cased,defended,0,0
Steno,Pot,28.55,-6.835,3.2787,2.718281828,towers ,1000,3.514416244,-4.74,3.21,2.718281828,Baumgartner,1000,50,49.29441624,cased,defended,0,0
Steno,Pot,20.65,-6.835,3.2787,2.718281828,towers ,1000,3.514416244,-4.74,3.21,2.718281828,Baumgartner,1000,50,49.29441624,cased,defended,0,0
Steno,Pot,24.34,-6.835,3.2787,2.718281828,towers ,1000,3.514416244,-4.74,3.21,2.718281828,Baumgartner,1000,50,49.29441624,cased,defended,2,0.093023256
Steno,Pot,16.2,-6.835,3.2787,2.718281828,towers ,1000,3.514416244,-4.74,3.21,2.718281828,Baumgartner,1000,50,49.29441624,cased,defended,0,0
Steno,Pot,21.94,-6.835,3.2787,2.718281828,towers ,1000,3.514416244,-4.74,3.21,2.718281828,Baumgartner,1000,50,49.29441624,cased,defended,0,0
Steno,Pot,20.99,-6.835,3.2787,2.718281828,towers ,1000,3.514416244,-4.74,3.21,2.718281828,Baumgartner,1000,50,49.29441624,cased,defended,1,0.046583851
Steno,Pot,25.08,-6.835,3.2787,2.718281828,towers ,1000,3.514416244,-4.74,3.21,2.718281828,Baumgartner,1000,50,49.29441624,cased,defended,0,0
Trout,Pot,87,-12.98521354,3.05,2.718281828,jellyman,1,3.514416244,-4.74,3.21,2.718281828,Baumgartner,1000,50,49.29441624,cased,defended,3,0.141287284
Trout,Pot,104,-12.98521354,3.05,2.718281828,jellyman,1,3.514416244,-4.74,3.21,2.718281828,Baumgartner,1000,50,49.29441624,cased,defended,4,0.188976378
Trout,Pot,165,-12.98521354,3.05,2.718281828,jellyman,1,3.514416244,-4.74,3.21,2.718281828,Baumgartner,1000,50,49.29441624,cased,defended,0,0
Trout,Pot,160,-12.98521354,3.05,2.718281828,jellyman,1,3.514416244,-4.74,3.21,2.718281828,Baumgartner,1000,50,49.29441624,cased,defended,0,0
Trout,Pot,82,-12.98521354,3.05,2.718281828,jellyman,1,4.216571429,-4.74,3.21,2.718281828,Baumgartner,1000,70,70,cased,defended,0,0
Trout,Pot,94,-12.98521354,3.05,2.718281828,jellyman,1,4.216571429,-4.74,3.21,2.718281828,Baumgartner,1000,70,70,cased,defended,0,0
Trout,Pot,113,-12.98521354,3.05,2.718281828,jellyman,1,4.216571429,-4.74,3.21,2.718281828,Baumgartner,1000,70,70,cased,defended,0,0
Trout,Pot,153,-12.98521354,3.05,2.718281828,jellyman,1,4.216571429,-4.74,3.21,2.718281828,Baumgartner,1000,70,70,cased,defended,0,0
Trout,Pot,98,-12.98521354,3.05,2.718281828,jellyman,1,3.649827586,-4.74,3.21,2.718281828,Baumgartner,1000,30,29.29597701,cased,defended,0,0
Trout,Pot,90,-12.98521354,3.05,2.718281828,jellyman,1,3.649827586,-4.74,3.21,2.718281828,Baumgartner,1000,30,29.29597701,cased,defended,0,0
Trout,Pot,84,-12.98521354,3.05,2.718281828,jellyman,1,4.102758621,-4.74,3.21,2.718281828,Baumgartner,1000,150,150,cased,defended,12,0.565149137
Trout,Pot,153,-12.98521354,3.05,2.718281828,jellyman,1,4.102758621,-4.74,3.21,2.718281828,Baumgartner,1000,150,150,cased,defended,53,2.521808089
Trout,Pot,97,-12.98521354,3.05,2.718281828,jellyman,1,4.121173469,-4.74,3.21,2.718281828,Baumgartner,1000,200,198,cased,defended,0,0
Trout,Pot,158,-12.98521354,3.05,2.718281828,jellyman,1,3.649827586,-4.74,3.21,2.718281828,Baumgartner,1000,30,29.29597701,cased,defended,1,0.043446778
Trout,Pot,115,-12.98521354,3.05,2.718281828,jellyman,1,4.306923077,-4.74,3.21,2.718281828,Baumgartner,1000,40,40,cased,defended,0,0
Trout,Pot,97,-12.98521354,3.05,2.718281828,jellyman,1,4.306923077,-4.74,3.21,2.718281828,Baumgartner,1000,40,40,cased,defended,0,0
Trout,Pot,77,-12.98521354,3.05,2.718281828,jellyman,1,3.514416244,-4.74,3.21,2.718281828,Baumgartner,1000,50,49.29441624,cased,defended,0,0
Trout,Pot,151,-12.98521354,3.05,2.718281828,jellyman,1,3.649827586,-4.74,3.21,2.718281828,Baumgartner,1000,30,29.29597701,cased,defended,0,0
Trout,Pot,150,-12.98521354,3.05,2.718281828,jellyman,1,4.121173469,-4.74,3.21,2.718281828,Baumgartner,1000,200,198,cased,defended,0,0
Trout,Pot,141,-12.98521354,3.05,2.718281828,jellyman,1,4.162,-4.74,3.21,2.718281828,Baumgartner,1000,5,5,cased,defended,1,0.041608877
Trout,Pot,157,-12.98521354,3.05,2.718281828,jellyman,1,3.649827586,-4.74,3.21,2.718281828,Baumgartner,1000,30,29.29597701,cased,defended,0,0
Trout,Pot,131,-12.98521354,3.05,2.718281828,jellyman,1,3.514416244,-4.74,3.21,2.718281828,Baumgartner,1000,50,49.29441624,cased,defended,0,0
Trout,Pot,142,-12.98521354,3.05,2.718281828,jellyman,1,4.121173469,-4.74,3.21,2.718281828,Baumgartner,1000,200,198,cased,defended,2,0.096308186
Trout,Pot,112,-12.98521354,3.05,2.718281828,jellyman,1,4.121173469,-4.74,3.21,2.718281828,Baumgartner,1000,200,198,cased,defended,0,0
Trout,Pot,85,-12.98521354,3.05,2.718281828,jellyman,1,4.306923077,-4.74,3.21,2.718281828,Baumgartner,1000,40,40,cased,defended,1,0.043258832
Trout,Pot,74,-12.98521354,3.05,2.718281828,jellyman,1,3.514416244,-4.74,3.21,2.718281828,Baumgartner,1000,50,49.29441624,cased,defended,2,0.094339623
Trout,Pot,100,-12.98521354,3.05,2.718281828,jellyman,1,3.649827586,-4.74,3.21,2.718281828,Baumgartner,1000,30,29.29597701,cased,defended,0,0
Trout,Pot,86,-12.98521354,3.05,2.718281828,jellyman,1,4.143737374,-4.74,3.21,2.718281828,Baumgartner,1000,100,98,cased,defended,0,0
Trout,Pot,145,-12.98521354,3.05,2.718281828,jellyman,1,4.143737374,-4.74,3.21,2.718281828,Baumgartner,1000,100,98,cased,defended,0,0
Trout,Pot,142,-12.98521354,3.05,2.718281828,jellyman,1,4.102758621,-4.74,3.21,2.718281828,Baumgartner,1000,150,150,cased,defended,4,0.18972332
Trout,Pot,86,-12.98521354,3.05,2.718281828,jellyman,1,4.121173469,-4.74,3.21,2.718281828,Baumgartner,1000,200,198,cased,defended,1,0.048231511
Trout,Pot,92,-12.98521354,3.05,2.718281828,jellyman,1,3.649827586,-4.74,3.21,2.718281828,Baumgartner,1000,30,29.29597701,cased,defended,0,0
Trout,Pot,155,-12.98521354,3.05,2.718281828,jellyman,1,4.143737374,-4.74,3.21,2.718281828,Baumgartner,1000,100,98,cased,defended,0,0
Trout,Pot,115,-12.98521354,3.05,2.718281828,jellyman,1,4.162,-4.74,3.21,2.718281828,Baumgartner,1000,5,5,cased,defended,0,0
Trout,Pot,93,-12.98521354,3.05,2.718281828,jellyman,1,4.102758621,-4.74,3.21,2.718281828,Baumgartner,1000,150,150,cased,defended,5,0.240577386
Trout,Pot,154,-12.98521354,3.05,2.718281828,jellyman,1,4.306923077,-4.74,3.21,2.718281828,Baumgartner,1000,40,40,cased,defended,1,0.044510386
Trout,Pot,141,-12.98521354,3.05,2.718281828,jellyman,1,4.306923077,-4.74,3.21,2.718281828,Baumgartner,1000,40,40,cased,defended,0,0
Trout,Pot,95,-12.98521354,3.05,2.718281828,jellyman,1,4.162,-4.74,3.21,2.718281828,Baumgartner,1000,5,5,cased,defended,0,0
Trout,Pot,154,-12.98521354,3.05,2.718281828,jellyman,1,4.162,-4.74,3.21,2.718281828,Baumgartner,1000,5,5,cased,defended,0,0
Trout,Pot,158,-12.98521354,3.05,2.718281828,jellyman,1,3.649827586,-4.74,3.21,2.718281828,Baumgartner,1000,30,29.29597701,cased,defended,0,0
Trout,Pot,114,-12.98521354,3.05,2.718281828,jellyman,1,4.102758621,-4.74,3.21,2.718281828,Baumgartner,1000,150,150,cased,defended,8,0.380047506
Trout,Pot,115,-12.98521354,3.05,2.718281828,jellyman,1,4.143737374,-4.74,3.21,2.718281828,Baumgartner,1000,100,98,cased,defended,0,0
Trout,Pot,94,-12.98521354,3.05,2.718281828,jellyman,1,4.143737374,-4.74,3.21,2.718281828,Baumgartner,1000,100,98,cased,defended,0,0
Trout,Pot,143,-12.98521354,3.05,2.718281828,jellyman,1,4.216571429,-4.74,3.21,2.718281828,Baumgartner,1000,70,70,cased,defended,1,0.047206924
Trout,Pot,159,-12.98521354,3.05,2.718281828,jellyman,1,3.514416244,-4.74,3.21,2.718281828,Baumgartner,1000,50,49.29441624,cased,defended,0,0
Trout,Pot,84,-12.98521354,3.05,2.718281828,jellyman,1,4.162,-4.74,3.21,2.718281828,Baumgartner,1000,5,5,cased,defended,0,0
Archi,Pycno,26.85,-5.5204,2.6784,2.718281828,towers ,1000,6.520792079,-4.873,2.5024,2.718281828,towers (Pycnocentrodes),1000,50,50.5049505,cased,defended,1,0.04379562
Archi,Pycno,33.6,-5.5204,2.6784,2.718281828,towers ,1000,6.520792079,-4.873,2.5024,2.718281828,towers (Pycnocentrodes),1000,50,50.5049505,cased,defended,1,0.043923865
Archi,Pycno,24.12,-5.5204,2.6784,2.718281828,towers ,1000,6.520792079,-4.873,2.5024,2.718281828,towers (Pycnocentrodes),1000,50,50.5049505,cased,defended,1,0.04398827
Archi,Pycno,33.01,-5.5204,2.6784,2.718281828,towers ,1000,6.520792079,-4.873,2.5024,2.718281828,towers (Pycnocentrodes),1000,50,50.5049505,cased,defended,5,0.219458669
Archi,Pycno,23.36,-5.5204,2.6784,2.718281828,towers ,1000,6.520792079,-4.873,2.5024,2.718281828,towers (Pycnocentrodes),1000,50,50.5049505,cased,defended,3,0.13215859
Archi,Pycno,22.71,-5.5204,2.6784,2.718281828,towers ,1000,6.520792079,-4.873,2.5024,2.718281828,towers (Pycnocentrodes),1000,50,50.5049505,cased,defended,0,0
Archi,Pycno,31.57,-5.5204,2.6784,2.718281828,towers ,1000,6.520792079,-4.873,2.5024,2.718281828,towers (Pycnocentrodes),1000,50,50.5049505,cased,defended,2,0.087655223
Archi,Pycno,17.58,-5.5204,2.6784,2.718281828,towers ,1000,6.520792079,-4.873,2.5024,2.718281828,towers (Pycnocentrodes),1000,50,50.5049505,cased,defended,1,0.04398827
Galax,Pycno,79,-14.77496979,3.417,2.718281828,jellyman,1,6.520792079,-4.873,2.5024,2.718281828,towers (Pycnocentrodes),1000,50,50.5049505,cased,defended,0,0
Galax,Pycno,64,-14.77496979,3.417,2.718281828,jellyman,1,6.520792079,-4.873,2.5024,2.718281828,towers (Pycnocentrodes),1000,50,50.5049505,cased,defended,2,0.09486166
Galax,Pycno,107,-14.77496979,3.417,2.718281828,jellyman,1,6.520792079,-4.873,2.5024,2.718281828,towers (Pycnocentrodes),1000,50,50.5049505,cased,defended,2,0.09478673
Galax,Pycno,68,-14.77496979,3.417,2.718281828,jellyman,1,6.520792079,-4.873,2.5024,2.718281828,towers (Pycnocentrodes),1000,50,50.5049505,cased,defended,0,0
Galax,Pycno,112,-14.77496979,3.417,2.718281828,jellyman,1,6.520792079,-4.873,2.5024,2.718281828,towers (Pycnocentrodes),1000,50,50.5049505,cased,defended,3,0.142180095
Galax,Pycno,90,-14.77496979,3.417,2.718281828,jellyman,1,6.520792079,-4.873,2.5024,2.718281828,towers (Pycnocentrodes),1000,50,50.5049505,cased,defended,1,0.047505938
Galax,Pycno,66,-14.77496979,3.417,2.718281828,jellyman,1,6.520792079,-4.873,2.5024,2.718281828,towers (Pycnocentrodes),1000,50,50.5049505,cased,defended,1,0.047355959
Steno,Pycno,27.84,-6.835,3.2787,2.718281828,towers ,1000,6.520792079,-4.873,2.5024,2.718281828,towers (Pycnocentrodes),1000,50,50.5049505,cased,defended,0,0
Steno,Pycno,24.97,-6.835,3.2787,2.718281828,towers ,1000,6.520792079,-4.873,2.5024,2.718281828,towers (Pycnocentrodes),1000,50,50.5049505,cased,defended,0,0
Steno,Pycno,20.2,-6.835,3.2787,2.718281828,towers ,1000,6.520792079,-4.873,2.5024,2.718281828,towers (Pycnocentrodes),1000,50,50.5049505,cased,defended,0,0
Steno,Pycno,19.59,-6.835,3.2787,2.718281828,towers ,1000,6.520792079,-4.873,2.5024,2.718281828,towers (Pycnocentrodes),1000,50,50.5049505,cased,defended,0,0
Steno,Pycno,20.04,-6.835,3.2787,2.718281828,towers ,1000,6.520792079,-4.873,2.5024,2.718281828,towers (Pycnocentrodes),1000,50,50.5049505,cased,defended,1,0.045283019
Steno,Pycno,21.99,-6.835,3.2787,2.718281828,towers ,1000,6.520792079,-4.873,2.5024,2.718281828,towers (Pycnocentrodes),1000,50,50.5049505,cased,defended,0,0
Steno,Pycno,27.76,-6.835,3.2787,2.718281828,towers ,1000,6.520792079,-4.873,2.5024,2.718281828,towers (Pycnocentrodes),1000,50,50.5049505,cased,defended,0,0
Steno,Pycno,21.7,-6.835,3.2787,2.718281828,towers ,1000,6.520792079,-4.873,2.5024,2.718281828,towers (Pycnocentrodes),1000,50,50.5049505,cased,defended,1,0.045248869
Trout,Pycno,66,-12.98521354,3.05,2.718281828,jellyman,1,6.520792079,-4.873,2.5024,2.718281828,towers (Pycnocentrodes),1000,50,50.5049505,cased,defended,3,0.136260409
Trout,Pycno,160,-12.98521354,3.05,2.718281828,jellyman,1,6.520792079,-4.873,2.5024,2.718281828,towers (Pycnocentrodes),1000,50,50.5049505,cased,defended,4,0.180722892
Trout,Pycno,110,-12.98521354,3.05,2.718281828,jellyman,1,6.520792079,-4.873,2.5024,2.718281828,towers (Pycnocentrodes),1000,50,50.5049505,cased,defended,2,0.091047041
Trout,Pycno,158,-12.98521354,3.05,2.718281828,jellyman,1,6.520792079,-4.873,2.5024,2.718281828,towers (Pycnocentrodes),1000,50,50.5049505,cased,defended,1,0.04552352
Trout,Pycno,155,-12.98521354,3.05,2.718281828,jellyman,1,6.520792079,-4.873,2.5024,2.718281828,towers (Pycnocentrodes),1000,50,50.5049505,cased,defended,4,0.180586907
Trout,Pycno,79,-12.98521354,3.05,2.718281828,jellyman,1,6.520792079,-4.873,2.5024,2.718281828,towers (Pycnocentrodes),1000,50,50.5049505,cased,defended,0,0
Trout,Pycno,123,-12.98521354,3.05,2.718281828,jellyman,1,6.520792079,-4.873,2.5024,2.718281828,towers (Pycnocentrodes),1000,50,50.5049505,cased,defended,4,0.180859081
Trout,Pycno,76,-12.98521354,3.05,2.718281828,jellyman,1,6.520792079,-4.873,2.5024,2.718281828,towers (Pycnocentrodes),1000,50,50.5049505,cased,defended,0,0
Galax,Steno,79,-14.77496979,3.417,2.718281828,jellyman,1,17.338,-6.835,3.2787,2.718282,towers ,1000,10,10,uncased,undefended,0,0
Galax,Steno,68,-14.77496979,3.417,2.718281828,jellyman,1,17.338,-6.835,3.2787,2.718282,towers ,1000,10,10,uncased,undefended,0,0
Galax,Steno,115,-14.77496979,3.417,2.718281828,jellyman,1,17.338,-6.835,3.2787,2.718282,towers ,1000,10,10,uncased,undefended,0,0
Galax,Steno,73,-14.77496979,3.417,2.718281828,jellyman,1,17.338,-6.835,3.2787,2.718282,towers ,1000,10,10,uncased,undefended,0,0
Galax,Steno,125,-14.77496979,3.417,2.718281828,jellyman,1,17.338,-6.835,3.2787,2.718282,towers ,1000,10,10,uncased,undefended,4,0.201342282
Galax,Steno,122,-14.77496979,3.417,2.718281828,jellyman,1,17.338,-6.835,3.2787,2.718282,towers ,1000,10,10,uncased,undefended,3,0.151387721
Galax,Steno,91,-14.77496979,3.417,2.718281828,jellyman,1,17.338,-6.835,3.2787,2.718282,towers ,1000,10,10,uncased,undefended,5,0.250626566
Galax,Steno,100,-14.77496979,3.417,2.718281828,jellyman,1,17.338,-6.835,3.2787,2.718282,towers ,1000,10,10,uncased,undefended,0,0
Trout,Steno,128,-12.98521354,3.05,2.718281828,jellyman,1,17.338,-6.835,3.2787,2.718282,towers ,1000,10,10,uncased,undefended,4,0.202190396
Trout,Steno,78,-12.98521354,3.05,2.718281828,jellyman,1,17.338,-6.835,3.2787,2.718282,towers ,1000,10,10,uncased,undefended,0,0
Trout,Steno,112,-12.98521354,3.05,2.718281828,jellyman,1,17.338,-6.835,3.2787,2.718282,towers ,1000,10,10,uncased,undefended,0,0
Trout,Steno,75,-12.98521354,3.05,2.718281828,jellyman,1,17.338,-6.835,3.2787,2.718282,towers ,1000,10,10,uncased,undefended,0,0
Trout,Steno,162,-12.98521354,3.05,2.718281828,jellyman,1,17.338,-6.835,3.2787,2.718282,towers ,1000,10,10,uncased,undefended,3,0.151898734
Trout,Steno,136,-12.98521354,3.05,2.718281828,jellyman,1,17.338,-6.835,3.2787,2.718282,towers ,1000,10,10,uncased,undefended,2,0.101437025
Trout,Steno,85,-12.98521354,3.05,2.718281828,jellyman,1,17.338,-6.835,3.2787,2.718282,towers ,1000,10,10,uncased,undefended,1,0.049586777
Trout,Steno,155,-12.98521354,3.05,2.718281828,jellyman,1,17.338,-6.835,3.2787,2.718282,towers ,1000,10,10,uncased,undefended,4,0.203045685
